zip,bipd_factor,coll_factor,comp_factor,mpc_factor,um_factor,ers_factor
90001,1.439,1.389,1.79,1.104,1.502,0.441
90002,1.522,1.444,1.957,1.829,1.434,0.441
90003,1.582,1.468,1.734,1.829,1.462,0.441
90004,1.547,1.405,1.295,1.926,1.241,0.441
90005,1.63,1.541,1.421,1.618,1.502,0.441
90006,1.547,1.389,1.225,1.893,1.828,0.441
90007,1.547,1.468,1.225,1.487,1.334,0.441
90008,1.556,1.468,1.429,1.456,1.665,0.441
90010,1.52,1.521,1.351,1.741,1.36,0.441
90011,1.609,1.444,1.615,1.771,1.462,0.441
90012,1.448,1.538,1.025,1.488,1.221,0.441
90013,1.502,1.311,1.084,1.563,1.408,0.441
90014,1.395,1.438,1.359,1.487,1.116,0.441
90015,1.556,1.583,1.288,1.879,1.287,0.441
90016,1.556,1.438,1.288,1.723,1.383,0.441
90017,1.603,1.485,1.429,1.444,1.266,0.441
90018,1.529,1.346,1.421,1.481,1.801,0.441
90019,1.529,1.389,1.084,1.488,1.567,0.441
90020,1.575,1.389,1.225,1.893,1.434,0.441
90021,1.421,1.415,1.477,1.563,1.334,0.441
90022,1.349,1.349,1.421,1.124,1.058,0.62
90023,1.415,1.309,1.563,1.142,1.244,0.62
90024,1.37,1.545,0.926,1.314,1.289,0.512
90025,1.446,1.195,0.825,1.081,1.155,0.512
90026,1.395,1.163,1.051,1.088,1.408,0.441
90027,1.475,1.538,1.429,2.147,1.397,0.441
90028,1.506,1.485,1.429,2.147,1.548,0.441
90029,1.603,1.444,1.429,2.147,1.638,0.441
90031,1.326,1.287,1.351,1.444,1.348,0.62
90032,1.349,1.313,1.429,1.386,1.07,0.62
90033,1.391,1.341,1.524,1.606,1.266,0.62
90034,1.475,1.23,0.993,1.244,0.984,0.494
90035,1.462,1.364,1.044,1.35,1.554,0.494
90036,1.547,1.397,0.993,1.639,1.37,0.441
90037,1.609,1.468,1.615,1.805,1.638,0.441
90038,1.603,1.485,1.359,2.147,1.7,0.441
90039,1.317,1.309,1.025,1.023,0.962,0.441
90040,1.149,1.244,1.351,1.151,1.244,0.62
90041,1.271,1.17,0.955,1.142,0.971,0.673
90042,1.342,1.275,1.077,1.435,1.189,0.673
90043,1.556,1.389,1.225,1.77,1.462,0.441
90044,1.582,1.485,1.784,1.77,1.665,0.441
90045,1.177,1.064,0.937,0.959,1.155,0.566
90046,1.462,1.415,1.025,1.401,1.37,0.441
90047,1.497,1.468,1.5,1.401,1.462,0.441
90048,1.502,1.415,1.12,1.526,1.437,0.441
90049,1.317,1.356,0.955,1.014,1.161,0.512
90056,1.366,1.309,1.351,0.996,1.276,0.494
90057,1.603,1.444,1.288,2.085,1.665,0.441
90058,1.303,1.313,1.554,1.581,1.523,0.441
90059,1.522,1.405,1.784,1.563,1.434,0.441
90061,1.471,1.405,1.693,1.77,1.665,0.441
90062,1.556,1.485,1.563,1.668,1.638,0.441
90063,1.415,1.287,1.421,1.219,1.469,0.62
90064,1.37,1.244,0.985,0.939,1.081,0.512
90065,1.415,1.187,1.077,1.098,1.158,0.62
90066,1.33,1.158,0.937,1.132,0.97,0.512
90067,1.497,1.619,0.955,1.051,1.309,0.512
90068,1.294,1.364,1.077,1.41,0.98,0.441
90069,1.475,1.583,1.077,1.264,1.401,0.441
90071,0.982,1.156,1.429,1.337,1.221,0.441
90073,1.446,1.195,0.825,1.081,1.155,0.512
90077,1.446,1.476,0.955,1.014,1.187,0.512
90089,1.547,1.468,1.225,1.487,1.334,0.441
90094,1.035,1.191,0.993,1.142,1.06,0.512
90095,1.37,1.545,0.926,1.314,1.289,0.512
90201,1.326,1.365,1.693,1.049,1.567,0.62
90210,1.446,1.619,1.378,1.264,1.299,0.441
90211,1.547,1.415,1.077,1.668,1.577,0.441
90212,1.475,1.583,1.421,1.104,1.38,0.441
90220,1.439,1.349,1.667,1.088,1.665,0.62
90221,1.439,1.389,1.851,1.456,1.523,0.62
90222,1.275,1.349,1.667,1.563,1.36,0.441
90230,1.339,1.153,0.873,1.063,0.984,0.494
90232,1.288,1.117,0.937,0.964,0.996,0.494
90240,1.249,1.232,1.429,1.124,1.125,0.692
90241,1.174,1.197,1.295,1.35,1.107,0.692
90242,1.253,1.191,1.295,1.264,1.244,0.692
90245,1.066,0.873,0.885,1.011,0.905,0.566
90247,1.415,1.275,1.421,1.481,1.431,0.952
90248,1.16,1.153,1.142,1.081,1.315,0.952
90249,1.288,1.149,1.288,1.239,1.048,0.952
90250,1.471,1.307,1.295,1.234,1.348,0.952
90254,0.972,0.98,0.779,0.688,1.027,0.566
90255,1.439,1.364,1.615,1.185,1.312,0.62
90260,1.268,1.187,1.225,1.284,1.044,0.952
90262,1.439,1.397,1.957,1.337,1.348,0.62
90263,1.253,1.38,1.051,0.838,1.161,0.512
90265,1.253,1.38,1.051,0.838,1.161,0.512
90266,1.097,1.023,0.873,0.748,1.003,0.566
90270,1.439,1.349,1.653,0.964,1.241,0.62
90272,1.198,1.206,0.873,1.011,1.153,0.512
90274,0.951,0.984,0.795,0.722,0.919,0.566
90275,1.075,0.994,0.795,0.914,1.027,0.566
90277,0.99,0.96,0.779,0.864,0.859,0.566
90278,1.109,0.899,0.825,0.808,1.079,0.566
90280,1.415,1.326,1.615,1.239,1.266,0.62
90290,1.33,1.163,1.084,0.994,1.188,0.512
90291,1.266,1.23,0.991,0.931,0.898,0.512
90292,1.256,1.273,0.985,1.132,1.104,0.512
90293,1.083,1.073,0.825,1.014,1.187,0.566
90301,1.471,1.346,1.615,1.435,1.397,0.494
90302,1.575,1.389,1.429,1.638,1.286,0.494
90303,1.471,1.309,1.478,1.329,1.523,0.494
90304,1.187,1.187,1.563,1.456,1.048,0.494
90305,1.529,1.364,1.554,1.563,1.397,0.494
90401,1.37,1.268,1.077,1.183,0.996,0.512
90402,1.391,1.311,1.025,0.781,1.066,0.512
90403,0.999,1.117,0.93,1.19,1.064,0.512
90404,1.266,1.268,0.985,1.007,0.984,0.512
90405,1.306,1.11,0.897,0.939,0.996,0.512
90501,1.215,1.068,0.926,1.081,1.043,0.566
90502,1.16,1.114,0.937,1.271,0.984,0.952
90503,1.035,0.908,0.825,1.142,0.996,0.566
90504,1.16,1.003,0.937,1.124,1.012,0.566
90505,0.99,0.96,0.795,1.193,0.937,0.566
90601,1.228,1.11,1.077,1.023,1.151,0.674
90602,1.271,1.087,1.044,0.964,1.053,0.674
90603,1.083,0.943,0.93,0.805,1.064,0.674
90604,1.16,0.999,0.993,0.931,0.918,0.674
90605,1.187,1.046,1.077,0.902,1.06,0.674
90606,1.303,1.156,1.288,0.91,1.176,0.674
90620,1.209,1.02,0.885,1.307,1.06,0.755
90621,1.366,1.15,0.985,1.679,1.17,0.755
90623,1.28,1.033,0.779,1.435,1.121,0.755
90630,1.083,0.956,0.845,1.014,0.86,0.719
90631,1.28,1.024,0.885,1.063,0.884,0.755
90638,1.253,1.024,0.885,1.124,1.06,0.674
90639,1.253,1.024,0.885,1.124,1.06,0.736
90640,1.349,1.209,1.295,1.639,1.277,0.692
90650,1.215,1.158,1.288,1.234,1.176,0.674
90660,1.209,1.117,1.288,0.939,1.075,0.692
90670,1.231,1.04,1.077,0.926,0.962,0.674
90680,1.33,1.187,0.985,1.581,1.186,0.755
90701,1.288,1.12,0.937,1.142,1.043,0.674
90703,1.083,1.042,0.885,1.184,1.043,0.674
90704,0.7,0.833,0.873,0.849,1.127,0.917
90706,1.326,1.209,1.084,1.023,1.244,0.692
90710,1.228,1.103,1.025,1.252,1.133,0.736
90712,1.16,0.999,0.93,1.122,1.082,0.692
90713,1.064,0.939,0.936,0.838,0.834,0.719
90715,1.303,1.073,1.051,1.271,1.075,0.674
90716,1.209,1.11,1.295,1.36,1.012,0.674
90717,1.187,1.016,0.937,1.019,1.086,0.736
90720,1.075,0.873,0.845,1.011,0.866,0.719
90723,1.349,1.287,1.477,1.219,0.839,0.692
90731,1.288,1.163,1.085,0.95,1.291,0.736
90732,0.988,1.033,0.897,0.838,1.064,0.736
90740,0.949,0.846,0.835,0.913,1.019,0.719
90742,0.984,1.07,0.982,0.878,0.95,0.719
90743,0.984,1.07,0.982,0.878,0.95,0.719
90744,1.253,1.238,1.295,1.2,1.075,0.736
90745,1.204,1.149,0.885,0.956,1.133,0.952
90746,1.268,1.163,1.295,1.124,1.176,0.952
90747,1.268,1.163,1.295,1.124,1.176,0.952
90755,1.271,1.042,0.993,1.244,1.186,0.692
90802,1.37,1.268,0.932,1.007,1.012,0.692
90803,0.982,0.96,0.923,0.868,0.866,0.719
90804,1.366,1.243,0.991,1.344,1.233,0.692
90805,1.326,1.313,1.524,1.481,1.221,0.692
90806,1.326,1.175,1.085,1.581,1.241,0.692
90807,1.268,1.11,0.991,0.942,0.996,0.692
90808,1.064,0.96,0.888,0.837,0.947,0.719
90810,1.187,1.264,1.084,1.007,1.22,0.692
90813,1.446,1.341,1.12,1.444,1.194,0.692
90814,1.148,1.087,0.888,0.878,0.96,0.692
90815,1.099,1.003,0.888,0.913,0.905,0.719
90822,1.099,1.003,0.888,0.913,0.905,0.692
90840,1.099,1.003,0.888,0.913,0.905,0.719
91001,1.303,1.102,0.985,1.023,1.199,0.585
91006,1.198,1.115,0.825,0.971,0.878,1.203
91007,1.391,1.232,0.825,1.252,1.032,1.203
91008,1.041,1.029,1.025,1.014,1.043,1.203
91010,1.215,1.091,0.985,0.91,0.925,1.203
91011,1.108,1.133,0.985,1.193,0.937,0.638
91016,1.048,1.029,0.93,0.931,1.032,1.203
91020,1.326,1.17,0.885,1.805,1.577,0.638
91023,1.293,1.197,1.044,1.487,1.431,0.629
91024,0.822,0.855,0.885,0.796,0.785,1.203
91030,1.174,1.083,0.787,1.02,0.951,0.585
91040,1.396,1.356,1.225,1.77,1.416,0.638
91042,1.464,1.545,1.643,2.147,1.548,0.638
91046,1.326,1.17,0.885,1.805,1.577,0.638
91101,1.339,1.203,0.897,1.151,0.98,0.585
91103,1.391,1.287,1.288,0.968,1.166,0.585
91104,1.342,1.244,1.288,1.563,1.189,0.585
91105,1.083,1.095,1.077,0.786,0.919,0.585
91106,1.177,1.203,0.93,0.991,1.199,1.203
91107,1.187,1.115,0.993,1.264,1.189,1.203
91108,1.16,1.205,0.825,0.808,0.886,1.203
91126,1.339,1.203,0.897,1.151,0.98,1.203
91201,1.556,1.592,1.615,2.147,1.828,0.673
91202,1.471,1.592,1.554,2.147,1.567,0.673
91203,1.603,1.733,1.643,2.147,1.828,0.673
91204,1.556,1.674,1.554,2.147,1.828,0.673
91205,1.658,1.763,1.653,2.147,1.828,0.673
91206,1.609,1.619,1.429,2.147,1.567,0.673
91207,1.149,1.428,1.478,1.805,1.486,0.673
91208,1.198,1.205,1.421,1.86,1.37,0.638
91210,1.556,1.674,1.554,2.147,1.828,0.441
91214,1.293,1.057,0.993,1.401,1.186,0.638
91301,1.12,1.029,0.902,1.014,1.188,0.674
91302,1.271,1.357,1.044,1.214,1.222,0.531
91303,1.471,1.313,1.225,1.271,1.241,0.531
91304,1.391,1.324,1.025,1.252,1.464,0.531
91306,1.497,1.273,1.025,1.344,1.571,0.531
91307,1.373,1.163,0.955,1.161,1.426,0.531
91310,1.104,0.933,0.893,1.147,1.169,0.629
91311,1.391,1.356,0.993,1.252,1.443,0.62
91316,1.529,1.374,1.025,1.563,1.566,0.531
91320,0.995,0.881,0.826,0.838,1.127,0.639
91321,1.231,1.016,0.93,0.994,1.189,0.629
91324,1.415,1.402,0.993,1.435,1.486,0.62
91325,1.446,1.29,0.955,1.668,1.416,0.62
91326,1.415,1.248,0.993,1.581,1.315,0.62
91330,1.446,1.29,0.955,1.668,1.416,0.62
91331,1.464,1.356,1.554,1.563,1.64,0.638
91335,1.471,1.324,1.025,1.917,1.674,0.62
91340,1.373,1.324,1.421,1.35,1.449,0.638
91342,1.373,1.324,1.429,1.344,1.433,0.638
91343,1.582,1.492,1.421,1.77,1.512,0.62
91344,1.391,1.206,1.225,1.77,1.554,0.62
91345,1.471,1.273,1.225,1.271,1.554,0.62
91350,1.118,0.968,0.884,0.964,1.081,0.629
91351,1.215,1.033,0.873,0.99,1.121,0.629
91352,1.497,1.538,1.643,1.975,1.674,0.638
91354,1.048,1.027,0.852,0.956,1.155,0.629
91355,1.209,0.994,0.852,0.939,0.996,0.629
91356,1.529,1.402,1.225,1.563,1.554,0.531
91360,0.994,0.881,0.852,0.95,1.01,0.639
91361,1.091,0.977,0.93,1.051,1.144,0.639
91362,1.064,0.973,0.852,0.975,1.17,0.639
91364,1.471,1.15,0.993,1.2,1.411,0.531
91367,1.471,1.356,0.955,1.606,1.497,0.531
91371,1.471,1.356,0.955,1.606,1.497,0.531
91377,1.091,0.952,0.888,1.122,1.161,0.674
91381,1.16,0.994,0.893,1.563,1.179,0.629
91384,1.104,0.933,0.893,1.147,1.169,0.629
91387,1.349,1.15,1.044,1.161,1.426,0.629
91390,1.091,0.963,0.879,0.931,1.049,0.629
91401,1.582,1.538,1.653,2.147,1.712,0.468
91402,1.497,1.405,1.456,2.147,1.462,0.638
91403,1.446,1.374,1.288,1.271,1.186,0.468
91405,1.63,1.733,1.707,2.147,1.462,0.468
91406,1.556,1.415,1.429,1.917,1.725,0.531
91411,1.529,1.364,1.288,1.668,1.583,0.468
91423,1.383,1.374,1.044,1.435,1.486,0.468
91436,1.366,1.402,1.225,1.193,1.179,0.531
91501,1.529,1.592,1.288,2.147,1.408,0.638
91502,1.575,1.415,1.554,1.975,1.548,0.673
91504,1.415,1.402,1.421,1.77,1.277,0.638
91505,1.28,1.039,0.955,0.901,1.179,0.673
91506,1.204,1.07,0.993,1.387,1.033,0.673
91601,1.529,1.324,1.421,1.879,1.287,0.468
91602,1.471,1.23,0.993,1.081,1.155,0.468
91604,1.462,1.402,1.077,1.284,1.297,0.468
91605,1.63,1.763,1.886,2.147,1.841,0.638
91606,1.529,1.733,1.653,2.147,1.828,0.468
91607,1.556,1.415,1.421,1.879,1.494,0.468
91608,1.462,1.402,1.077,1.284,1.297,0.468
91701,1.015,0.933,0.879,0.781,0.919,0.835
91702,1.132,1.153,0.937,0.91,1.053,0.719
91706,1.271,1.15,1.288,1.668,1.048,0.674
91708,1.11,1.042,0.947,1.032,1.053,0.835
91709,1.075,0.994,0.884,0.87,0.97,0.835
91710,1.128,1.027,0.885,0.968,0.98,0.835
91711,0.968,0.92,0.879,0.796,0.704,0.719
91722,1.16,1.046,0.937,0.99,1.082,0.719
91723,1.16,1.037,0.873,1.051,0.976,0.719
91724,1.041,1.02,0.937,0.847,0.903,0.719
91730,1.198,1.068,0.879,0.893,1.099,0.835
91731,1.342,1.195,1.025,1.488,1.07,0.585
91732,1.303,1.12,1.225,1.573,1.221,0.585
91733,1.231,1.195,1.351,1.444,1.287,0.585
91737,1.066,0.966,0.884,0.777,1.066,0.835
91739,1.12,1.057,0.893,0.935,1.033,0.835
91740,1.048,0.96,0.795,0.847,0.808,0.719
91741,1.11,0.929,0.845,0.702,0.915,0.719
91743,1.131,1.033,1.044,0.837,1.133,0.835
91744,1.391,1.23,1.225,1.098,0.991,0.674
91745,1.228,1.13,0.873,1.149,1.06,0.674
91746,1.326,1.275,1.478,1.344,1.158,0.674
91748,1.342,1.206,0.873,1.36,1.119,0.674
91750,1.084,1.012,0.852,0.806,1.033,0.719
91752,1.066,1.024,0.982,0.902,1.082,0.969
91754,1.33,1.091,0.873,1.185,1.079,0.585
91755,1.421,1.191,0.926,1.2,1.158,0.585
91759,0.858,0.962,0.977,0.914,0.918,0.835
91761,1.131,1.033,1.044,0.837,1.133,0.835
91762,1.209,1.102,1.051,1.063,1.079,0.835
91763,1.099,1.042,1.051,1.049,1.125,0.835
91764,1.099,1.071,1.077,1.142,1.036,0.835
91765,1.204,1.082,0.853,1.104,1.199,0.719
91766,1.209,1.102,1.077,1.142,1.186,0.719
91767,1.198,1.156,1.085,1.081,1.014,0.719
91768,1.28,1.15,1.044,1.254,1.186,0.719
91770,1.391,1.191,0.926,1.386,1.189,0.585
91773,1.008,0.956,0.884,0.765,0.872,0.719
91775,1.035,1.114,0.825,0.956,1.053,1.203
91776,1.502,1.197,0.926,1.488,0.957,0.585
91780,1.256,1.141,0.825,1.2,1.079,1.203
91784,0.978,0.939,0.852,0.899,1.033,0.835
91786,1.215,1.037,0.902,0.795,0.925,0.835
91789,1.198,1.102,0.795,1.032,1.033,0.719
91790,1.118,1.187,1.077,1.149,0.915,0.719
91791,1.209,1.07,1.044,0.987,1.079,0.719
91792,1.326,1.19,0.926,1.014,1.133,0.674
91801,1.317,1.153,0.873,1.401,1.22,0.585
91803,1.366,1.149,0.926,1.36,1.166,0.585
91901,0.733,0.843,0.899,0.673,0.895,0.818
91902,0.84,0.923,0.991,0.763,0.866,0.854
91905,0.764,0.888,1.173,0.813,0.731,0.818
91906,0.969,1.01,1.173,0.796,0.78,0.818
91910,0.856,0.94,1.085,0.899,0.834,0.854
91911,0.847,1.01,1.085,0.806,0.884,0.854
91913,1.016,0.939,0.982,0.996,0.975,0.854
91914,0.68,0.883,0.979,0.872,0.962,0.854
91915,0.887,0.956,0.943,1.062,0.898,0.854
91916,0.79,0.913,0.87,0.779,0.779,0.818
91917,0.766,1.029,1.283,0.777,1.049,0.818
91931,0.836,0.984,1.005,0.868,0.886,0.818
91932,1.058,0.934,1.244,0.813,0.62,0.854
91934,0.7,0.928,1.198,0.913,0.918,0.818
91935,0.919,0.912,1.058,0.779,0.902,0.818
91941,0.734,0.754,0.771,0.919,0.884,0.854
91942,0.867,0.833,0.771,0.878,0.81,0.854
91945,0.932,0.979,0.967,0.894,0.976,0.854
91947,0.958,1.03,1.174,1.266,1.033,0.907
91948,0.693,0.881,0.948,0.849,1.025,0.818
91950,0.958,1.03,1.174,1.266,1.033,0.907
91962,0.693,0.881,0.948,0.849,1.025,0.818
91963,0.617,1.058,1.237,0.864,0.731,0.818
91977,1.024,0.906,0.967,1.142,0.903,0.854
91978,0.99,0.939,1.015,0.959,0.884,0.854
91980,0.749,0.973,1.403,1.105,0.852,0.818
92003,0.938,0.945,0.759,0.805,1.05,0.818
92004,0.782,0.873,0.909,0.919,1.016,0.818
92007,0.833,0.881,0.784,0.717,1.127,0.854
92008,0.99,0.908,0.723,0.821,1.01,0.818
92009,0.833,0.864,0.783,0.796,1.118,0.818
92010,1.019,0.923,0.701,0.753,0.915,0.818
92011,0.754,0.815,0.69,0.779,1.127,0.818
92014,0.889,0.884,0.81,0.732,0.834,0.854
92019,1.008,0.899,0.909,0.753,1.17,0.854
92020,1.06,0.94,0.9,1.063,0.919,0.854
92021,0.99,0.885,1.015,0.935,0.95,0.854
92024,0.934,0.884,0.759,0.763,0.987,0.854
92025,1.016,0.96,0.958,1.092,0.898,0.818
92026,0.934,0.94,0.822,0.899,0.919,0.818
92027,1.019,0.983,0.881,1.023,0.834,0.818
92028,0.915,0.884,0.895,1.135,0.922,0.818
92029,0.858,0.866,0.9,0.796,1.127,0.818
92033,1.019,0.983,0.881,1.023,0.834,0.818
92036,0.659,0.923,1.088,0.738,1.135,0.818
92037,0.856,0.98,0.923,0.966,1.101,0.898
92040,0.984,0.884,0.838,0.781,0.94,0.854
92049,0.874,1.012,0.838,1.121,1.063,0.818
92054,0.874,1.012,0.838,1.121,1.063,0.818
92055,1.421,1.356,1.088,0.821,0.823,0.818
92056,0.863,0.883,0.701,0.996,0.919,0.818
92057,1.027,0.943,0.698,0.931,0.975,0.818
92058,1.057,1.037,0.803,1.092,0.975,0.818
92059,1.015,1.193,0.886,1.07,0.823,0.818
92060,1.047,1.061,1.015,0.886,1.079,0.818
92061,1.047,1.061,1.015,0.886,1.079,0.818
92064,0.936,0.863,0.872,0.765,1.085,0.854
92065,0.855,0.818,0.929,0.868,1.11,0.818
92066,0.749,0.961,1.015,0.872,1.025,0.818
92067,0.919,1.114,0.932,0.763,1.101,0.854
92068,1.027,0.943,0.698,0.931,0.975,0.818
92069,0.951,0.899,0.723,0.959,0.886,0.818
92070,0.915,0.935,1.088,0.913,1.161,0.818
92071,0.847,0.821,0.723,0.722,0.926,0.854
92075,0.766,0.839,0.881,0.706,1.101,0.854
92078,0.975,0.903,0.69,0.975,0.926,0.818
92081,0.847,0.873,0.783,0.864,0.866,0.818
92082,0.919,0.91,0.784,1.011,1.171,0.818
92083,0.881,1.033,0.9,1.132,0.931,0.818
92084,1.04,0.892,0.759,0.95,0.937,0.818
92086,0.763,0.913,0.984,0.821,0.947,0.818
92091,0.889,1.077,0.886,0.732,0.905,0.854
92092,0.856,0.98,0.923,0.966,1.101,0.898
92093,0.856,0.98,0.923,0.966,1.101,0.898
92101,0.934,0.951,0.948,0.796,1.063,0.907
92102,0.853,1.08,1.057,1.163,0.98,0.907
92103,0.82,0.832,0.914,0.849,0.878,0.907
92104,0.847,0.858,0.895,0.791,0.731,0.907
92105,1.224,1.163,1.131,1.723,1.257,0.907
92106,0.82,0.864,0.868,0.763,0.881,0.898
92107,0.972,0.884,0.9,0.753,0.902,0.898
92108,0.975,0.94,1.132,0.837,0.785,0.854
92109,1.016,0.956,0.881,0.781,1.039,0.898
92110,0.975,0.833,0.958,0.786,0.792,0.854
92111,0.867,0.817,0.886,0.996,0.859,0.854
92112,0.934,0.951,0.948,0.796,1.063,0.907
92113,1.221,1.199,1.283,1.049,0.76,0.907
92114,1.035,1.045,0.936,1.081,1.141,0.907
92115,1.113,1.03,0.895,1.2,1.155,0.907
92116,0.988,0.968,0.858,0.837,0.872,0.907
92117,0.949,0.846,0.784,0.988,1.101,0.854
92118,0.807,0.864,0.723,0.935,0.864,0.854
92119,0.766,0.79,0.723,0.779,1.027,0.854
92120,0.867,0.873,0.723,0.849,1.016,0.854
92121,1.016,0.889,0.943,0.838,0.872,0.854
92122,0.874,0.94,0.872,1.051,0.866,0.854
92123,0.863,0.899,0.895,0.838,1.042,0.854
92124,0.781,0.8,0.735,0.94,0.926,0.854
92126,1.016,0.977,0.759,0.935,0.905,0.854
92127,0.968,0.923,0.783,0.813,1.101,0.854
92128,0.807,0.836,0.735,0.868,0.878,0.854
92129,0.822,0.797,0.69,0.956,0.987,0.854
92130,0.934,0.896,0.709,0.956,0.995,0.854
92131,0.754,0.819,0.787,0.779,0.881,0.854
92132,0.934,0.951,0.948,0.796,1.063,0.907
92133,0.82,0.864,0.868,0.763,0.881,0.907
92134,0.934,0.951,0.948,0.796,1.063,0.907
92135,1.177,1.19,1.173,1.124,0.953,0.854
92136,1.231,1.438,1.171,1.023,0.81,0.907
92137,0.934,0.951,0.948,0.796,1.063,0.854
92139,0.988,0.963,0.932,1.163,1.032,0.907
92140,0.975,0.833,0.958,0.786,0.792,0.907
92145,0.936,0.863,0.872,0.765,1.085,0.854
92147,0.82,0.864,0.868,0.763,0.881,0.907
92152,0.82,0.864,0.868,0.763,0.881,0.898
92154,0.856,0.963,1.381,0.886,0.791,0.854
92155,1.177,1.19,1.173,1.124,0.953,0.854
92173,0.733,0.997,1.957,0.939,0.607,0.854
92182,1.113,1.03,0.895,1.2,1.155,0.907
92201,0.96,0.96,1.621,0.914,0.834,0.917
92203,0.855,0.929,1.198,0.95,0.94,0.917
92210,0.671,0.931,0.962,0.935,1.135,0.917
92211,0.825,0.855,0.909,0.94,1.135,0.917
92220,0.815,0.883,1.08,0.946,0.947,0.917
92222,0.79,0.927,1.091,0.959,0.922,0.8
92223,0.995,0.94,1.009,0.838,0.931,0.917
92225,0.8,0.864,1.058,1.03,0.919,0.8
92227,0.726,0.96,1.174,0.864,0.94,0.8
92230,0.949,0.985,1.139,0.977,0.859,0.917
92231,0.671,1.07,1.998,0.849,0.71,0.8
92233,0.731,0.962,1.279,0.813,0.905,0.8
92234,0.887,0.92,1.198,0.864,0.975,0.917
92236,0.977,1.04,2.221,1.014,1.082,0.917
92239,0.682,0.825,1.173,0.796,0.797,0.8
92240,0.936,1.057,1.456,1.078,1.199,0.917
92241,0.764,0.935,1.212,1.058,1.153,0.917
92242,0.766,1.012,1.068,0.838,0.853,0.8
92243,0.762,0.919,1.478,0.796,0.866,0.8
92249,0.7,0.889,1.693,0.975,0.905,0.8
92250,0.67,0.923,1.155,0.849,0.878,0.8
92251,0.828,0.913,1.237,1.009,1.127,0.8
92252,0.828,0.864,1.093,0.781,0.905,0.987
92253,0.828,0.899,1.068,0.765,0.947,0.917
92254,0.734,0.939,2.176,1.014,1.179,0.917
92256,0.978,0.884,1.157,0.821,0.905,0.987
92257,0.726,0.919,1.108,0.946,0.804,0.8
92258,0.978,1.22,1.31,1.014,0.937,0.917
92259,0.757,0.889,1.173,0.94,0.866,0.8
92260,0.79,0.9,0.958,0.907,1.027,0.917
92262,0.836,0.962,1.131,1.014,1.222,0.917
92264,0.733,0.901,0.998,0.94,1.135,0.917
92266,0.661,0.898,1.068,0.849,0.872,0.8
92267,0.661,0.913,1.173,0.849,1.033,0.8
92268,0.802,0.888,1.091,0.868,0.78,0.987
92270,0.799,0.889,0.977,0.94,1.118,0.917
92273,0.762,0.919,1.478,0.796,0.866,0.8
92274,0.82,0.963,1.92,0.975,0.975,0.917
92275,0.82,0.963,1.92,0.975,0.975,0.8
92276,0.68,0.903,1.225,0.868,1.153,0.917
92277,0.749,0.935,1.129,0.886,1.063,0.987
92278,1.215,1.248,1.19,0.886,0.872,0.987
92280,0.661,0.952,1.131,0.868,0.905,0.8
92281,0.733,0.913,1.174,0.95,0.823,0.8
92282,0.887,0.945,1.207,0.864,0.859,0.917
92283,0.79,0.927,1.091,0.959,0.922,0.8
92284,0.768,0.887,1.104,0.779,1.01,0.987
92285,0.829,0.912,1.068,0.849,0.931,0.987
92301,1.253,1.195,1.27,1.435,1.158,0.987
92304,0.749,1.023,1.138,0.996,1.06,0.818
92305,0.882,0.973,1.015,1.036,0.884,0.835
92307,1.105,0.943,0.923,1.083,1.086,0.987
92308,1.05,0.966,0.937,0.935,1.033,0.987
92309,0.768,0.945,1.068,0.813,0.937,0.987
92310,0.754,0.96,1.441,0.673,0.779,0.987
92311,0.843,0.873,1.478,1.083,0.886,0.987
92313,0.999,0.929,0.923,0.673,0.78,0.835
92314,0.864,0.952,0.872,0.765,1.025,0.835
92315,0.815,0.903,0.881,0.821,0.915,0.835
92316,1.181,1.073,1.295,0.894,1.107,0.835
92317,0.887,0.952,1.03,0.907,1.127,0.835
92318,0.968,0.947,0.914,0.659,1.002,0.835
92320,0.825,0.863,0.886,0.659,0.853,0.835
92321,0.897,1.141,1.058,0.808,0.903,0.835
92322,0.889,0.919,0.886,0.849,1.171,0.835
92323,0.734,0.963,1.5,1.102,0.931,0.987
92324,1.12,1.158,1.12,0.968,0.951,0.835
92325,1.024,1.024,0.958,0.838,0.872,0.835
92326,1.024,1.024,0.958,0.838,0.872,0.835
92327,0.749,0.973,1.038,0.886,0.823,0.987
92328,0.749,0.913,0.958,0.796,0.919,0.584
92329,1.031,0.946,1.019,1.158,0.951,0.987
92332,0.716,1.069,1.022,0.838,0.884,0.987
92333,0.702,0.963,0.881,0.738,0.962,0.835
92335,1.16,1.15,1.295,1.193,0.991,0.835
92336,1.118,1.04,0.991,0.873,1.119,0.835
92337,1.041,0.983,1.084,1.151,1.044,0.835
92338,0.682,0.973,1.037,0.821,0.918,0.987
92339,0.856,1.023,1.099,0.702,0.81,0.835
92340,1.124,0.983,1.057,1.092,1.315,0.987
92341,0.79,1.109,0.929,0.74,0.95,0.835
92342,0.799,0.86,1.049,0.803,1.033,0.987
92344,1.105,1.057,1.068,0.939,1.155,0.987
92345,1.124,0.983,1.057,1.092,1.315,0.987
92346,1.041,1.016,1.019,0.777,1.012,0.835
92347,0.866,0.935,1.022,0.886,0.919,0.987
92350,1.008,0.869,0.858,1.147,0.931,0.835
92352,0.887,0.952,1.03,0.907,1.127,0.835
92354,1.008,0.869,0.858,1.147,0.931,0.835
92356,0.858,0.833,1.091,0.837,0.898,0.987
92358,0.856,1.027,0.914,0.864,0.903,0.835
92359,0.975,0.963,0.914,0.702,0.808,0.835
92363,0.815,0.864,0.924,0.988,0.872,0.987
92364,0.79,0.962,1.044,0.821,0.931,0.987
92365,0.764,0.825,1.06,0.838,0.872,0.987
92366,0.661,1.043,1.12,0.964,1.032,0.987
92368,0.915,0.935,1.015,0.98,0.919,0.987
92369,1.041,1.016,1.019,0.777,1.012,0.835
92371,1.031,0.946,1.019,1.158,0.951,0.987
92372,0.942,0.937,0.979,0.935,0.951,0.987
92373,0.968,0.947,0.914,0.659,1.002,0.835
92374,0.994,1.003,0.886,0.838,1.153,0.835
92376,1.149,1.17,1.12,0.991,1.048,0.835
92377,0.96,0.983,1.085,0.87,0.983,0.835
92378,0.887,1.057,1.068,0.838,0.834,0.835
92382,1.084,1.029,0.977,0.813,1.153,0.835
92384,0.668,0.913,0.958,0.808,0.931,0.584
92385,0.882,0.994,1.015,0.913,0.834,0.835
92386,0.858,0.94,0.881,0.803,0.797,0.835
92389,0.682,0.823,0.958,1.121,0.872,0.584
92391,0.897,0.956,0.967,0.765,1.033,0.835
92392,1.192,1.156,1.173,1.081,1.332,0.987
92394,1.275,1.23,1.27,1.149,1.422,0.987
92395,1.099,1.029,1.108,0.968,1.278,0.987
92397,0.815,0.923,0.87,0.748,1.05,0.835
92398,0.716,0.862,1.332,0.98,0.791,0.987
92399,0.949,0.906,0.9,0.781,0.823,0.835
92401,1.171,1.203,1.12,0.968,1.233,0.835
92404,1.19,1.153,1.057,0.862,1.125,0.835
92405,1.048,1.091,0.998,0.931,1.221,0.835
92407,1.104,1.042,1.014,0.898,1.092,0.835
92408,1.14,1.117,1.051,1.41,1.058,0.835
92410,1.04,1.149,1.085,1.252,1.241,0.835
92411,1.19,1.153,1.085,0.851,1.058,0.835
92414,1.171,1.203,1.12,0.968,1.233,0.835
92501,0.949,0.956,1.04,0.935,1.079,0.969
92503,1.015,0.994,0.947,0.851,1.053,0.969
92504,1.074,0.948,0.936,0.942,1.082,0.969
92505,1.16,1.073,0.936,0.902,0.925,0.969
92506,0.951,0.963,0.886,0.688,0.823,0.969
92507,1.108,1.153,0.998,0.837,1.099,0.969
92508,1.118,1.082,0.937,0.878,1.033,0.969
92509,1.066,0.977,1.085,0.862,1.043,0.969
92518,0.929,0.968,0.81,0.868,0.834,0.969
92521,1.108,1.153,0.998,0.837,1.099,0.969
92530,1.111,1.033,1.047,1.019,1.086,0.917
92532,1.091,1.052,1.015,1.244,1.06,0.917
92536,0.762,0.857,0.984,0.868,1.066,0.917
92539,0.815,1.041,1.019,0.98,1.063,0.917
92543,1.083,1.156,0.967,1.122,1.012,0.917
92544,0.999,0.96,0.923,0.821,0.852,0.917
92545,0.984,1.024,0.914,1.127,1.06,0.917
92548,1.013,0.939,0.982,0.688,0.62,0.917
92549,0.782,0.887,0.984,0.722,0.785,0.917
92551,1.075,1.163,1.138,1.264,1.176,0.969
92553,1.275,1.12,1.102,1.063,1.244,0.969
92555,1.14,1.12,1.12,0.95,0.983,0.969
92557,1.118,1.091,1.04,1.127,1.422,0.969
92561,0.766,0.919,1.009,0.946,1.171,0.917
92562,1.091,0.936,0.929,0.837,1.05,0.917
92563,1.035,0.939,0.838,0.851,0.95,0.917
92567,0.96,0.997,0.982,0.821,0.95,0.917
92570,1.16,1.052,1.04,1.023,1.125,0.969
92571,1.128,1.156,1.12,1.284,1.433,0.969
92582,1.124,1.07,1.138,0.939,1.032,0.917
92583,1.008,1.029,1.073,0.931,1.033,0.917
92584,1.11,0.985,0.994,0.862,0.918,0.917
92585,0.999,0.984,0.952,0.935,0.97,0.917
92586,0.984,0.883,0.774,0.866,1.064,0.917
92587,0.978,0.901,0.895,0.956,1.055,0.917
92590,0.936,0.938,0.937,0.838,1.179,0.917
92591,0.984,0.896,0.81,0.838,1.066,0.917
92592,0.994,0.908,0.783,0.805,1.136,0.917
92595,1.066,0.966,1.015,0.862,0.823,0.917
92596,1.128,0.963,0.838,0.926,1.169,0.917
92602,0.881,1.095,0.831,1.063,1.066,0.719
92603,0.833,0.994,0.73,0.837,1.039,0.719
92604,1.058,0.892,0.73,1.142,0.919,0.719
92606,0.958,1.069,0.755,1.032,1.153,0.719
92610,0.68,0.884,0.657,0.878,1.049,0.719
92612,1.198,1.082,0.831,1.2,1.079,0.719
92614,0.98,0.966,0.755,0.917,0.905,0.719
92617,0.89,1.07,0.661,0.805,1.11,0.719
92618,0.867,1.048,0.84,1.078,1.179,0.719
92620,1.027,0.973,0.73,0.893,0.937,0.719
92624,0.984,0.903,0.759,0.796,1.01,0.719
92625,0.847,1.029,0.897,0.887,1.102,0.719
92626,1.083,0.908,0.831,0.964,0.962,0.719
92627,1.16,0.999,0.858,1.092,0.962,0.719
92629,0.919,0.877,0.759,0.868,1.039,0.719
92630,0.994,0.839,0.642,1.014,1.033,0.719
92637,0.863,0.822,0.811,1.063,1.039,0.719
92646,1.04,0.839,0.835,0.878,1.136,0.719
92647,1.109,0.94,0.845,0.964,0.886,0.719
92648,1.11,0.963,0.84,0.769,1.033,0.719
92649,1.04,0.956,0.835,0.864,1.042,0.719
92650,0.867,1.048,0.84,1.078,1.179,0.719
92651,1.016,0.985,0.902,0.779,1.135,0.719
92653,0.936,0.927,0.755,0.913,1.135,0.719
92655,1.339,1.022,0.873,1.771,0.951,0.719
92656,1.027,0.935,0.831,0.894,1.05,0.719
92657,1.057,1.155,1.051,0.956,0.884,0.719
92660,1.041,1.043,0.879,0.926,1.031,0.719
92661,0.982,0.973,0.93,1.013,0.852,0.719
92662,0.863,0.887,0.836,0.887,1.033,0.719
92663,1.075,1.01,0.893,0.838,1.153,0.719
92672,0.934,0.906,0.774,0.748,1.102,0.719
92673,0.936,0.864,0.787,0.779,0.919,0.719
92675,0.934,0.928,0.759,0.96,1.118,0.719
92676,0.929,0.958,0.982,0.956,0.823,0.719
92677,0.936,0.956,0.759,1.051,1.11,0.719
92678,0.815,0.973,0.902,0.837,0.97,0.719
92679,0.949,0.86,0.858,0.765,1.11,0.719
92683,1.326,0.979,0.853,1.917,1.332,0.719
92688,0.984,0.832,0.735,0.95,1.127,0.719
92691,0.984,0.899,0.759,0.765,1.019,0.719
92692,1.015,0.919,0.759,0.796,1.127,0.719
92694,0.994,0.999,0.881,1.105,1.025,0.719
92697,0.89,1.07,0.661,0.805,1.11,0.719
92701,1.366,1.272,1.102,1.161,0.795,0.755
92703,1.395,1.167,0.985,1.829,1.233,0.755
92704,1.303,1.156,1.044,1.487,1.058,0.755
92705,1.027,0.923,0.886,0.907,0.962,0.755
92706,1.226,1.091,0.936,1.244,0.983,0.755
92707,1.215,1.156,1.137,1.264,1.133,0.755
92708,1.198,0.908,0.835,1.161,1.104,0.719
92709,0.958,1.069,0.755,1.032,1.153,0.719
92710,0.958,1.069,0.755,1.032,1.153,0.719
92780,1.148,1.016,0.886,0.866,1.06,0.755
92782,0.972,0.963,0.858,0.935,1.079,0.755
92801,1.391,1.167,0.93,1.184,1.244,0.755
92802,1.33,1.149,0.873,1.337,1.221,0.755
92804,1.391,1.091,0.985,1.723,1.221,0.755
92805,1.33,1.158,1.024,1.149,1.119,0.755
92806,1.198,1.068,0.932,0.968,1.276,0.755
92807,0.975,0.892,0.858,0.942,0.947,0.755
92808,0.968,0.945,0.9,0.738,1.025,0.755
92821,1.027,0.92,0.84,0.87,0.834,0.755
92823,0.949,0.977,0.852,1.151,0.962,0.755
92831,1.109,1.003,0.852,0.95,0.95,0.755
92832,1.058,0.96,0.897,0.991,0.896,0.755
92833,1.342,1.156,0.845,1.259,1.155,0.755
92835,1.016,0.98,0.718,0.902,0.937,0.755
92840,1.228,1.11,0.845,1.668,0.983,0.755
92841,1.446,1.067,0.795,1.829,1.22,0.755
92843,1.268,0.978,0.873,2.043,1.104,0.755
92844,1.37,1.103,0.825,1.989,1.257,0.719
92845,0.994,0.824,0.836,0.808,0.962,0.719
92860,1.015,0.928,0.928,0.838,0.872,0.917
92861,0.951,1.041,0.884,0.849,1.019,0.755
92862,0.693,0.973,0.549,1.161,1.099,0.755
92865,1.108,0.923,0.886,1.063,0.95,0.755
92866,0.98,0.864,0.852,0.872,0.834,0.755
92867,1.057,0.994,0.884,0.942,1.066,0.755
92868,1.113,0.96,0.932,1.032,0.976,0.755
92869,1.048,0.943,0.759,0.959,0.975,0.755
92870,1.083,0.956,0.826,0.935,0.919,0.755
92877,1.209,1.037,0.9,0.87,1.032,0.917
92878,1.035,1.057,0.932,1.2,1.278,0.917
92879,1.132,1.068,0.928,1.02,1.189,0.917
92880,1.035,1.057,0.932,1.2,1.278,0.917
92881,1.11,0.994,0.895,0.87,0.903,0.917
92882,1.209,1.037,0.9,0.87,1.032,0.917
92883,1.048,1.024,0.908,1.179,1.06,0.917
92886,1.066,0.994,0.868,0.914,1.025,0.755
92887,1.004,0.962,0.9,0.872,0.866,0.755
93001,0.949,0.9,0.9,0.946,0.915,0.917
93003,0.929,0.819,0.826,0.838,0.915,0.917
93004,0.919,0.903,0.755,0.95,0.94,0.917
93010,0.915,0.889,0.755,0.796,1.144,0.917
93012,0.973,0.819,0.735,0.838,1.127,0.917
93013,0.915,0.855,0.771,0.706,0.884,0.934
93015,0.925,0.935,0.893,0.805,0.922,0.917
93021,0.969,0.899,0.932,0.975,1.055,0.917
93022,0.799,0.864,0.858,0.753,0.94,0.917
93023,0.733,0.901,0.886,0.907,1.019,0.917
93030,1.024,1.003,0.982,1.032,1.151,0.917
93033,1.013,0.979,1.024,1.266,0.984,0.917
93035,0.938,0.925,0.888,0.968,1.064,0.917
93036,1.047,0.908,0.967,1.19,1.053,0.917
93040,0.978,0.908,1.04,0.902,1.082,0.917
93041,0.975,0.929,0.868,1.2,1.155,0.917
93042,0.864,1.082,0.979,0.864,1.042,0.917
93043,0.975,0.929,0.868,1.2,1.155,0.917
93060,0.882,0.881,0.884,0.806,0.859,0.917
93063,1.151,0.925,0.888,1.185,1.064,0.719
93064,1.151,0.925,0.888,1.185,1.064,0.719
93065,1.084,0.937,0.835,0.914,1.187,0.719
93066,1.047,0.919,0.852,0.907,1.031,0.917
93067,0.807,0.963,0.902,0.709,1.153,0.934
93101,0.984,0.98,0.783,0.996,1.027,0.934
93102,0.984,0.98,0.783,0.996,1.027,0.934
93103,0.919,0.948,0.943,0.96,0.792,0.934
93105,0.705,0.782,0.784,0.748,1.127,0.934
93106,1.097,1.04,0.884,1.087,1.012,0.934
93108,0.833,0.942,0.914,0.935,1.019,0.934
93109,0.889,0.873,0.784,0.821,0.75,0.934
93110,0.739,0.765,0.771,0.779,0.878,0.934
93111,0.856,0.836,0.665,0.673,1.101,0.934
93117,0.833,0.925,0.709,0.838,0.761,0.934
93201,0.806,0.968,1.173,1.284,1.043,1.258
93202,0.758,0.937,0.932,1.087,0.731,1.258
93203,0.994,0.985,1.631,1.284,1.155,1.294
93204,0.793,0.889,1.244,0.813,0.81,1.258
93205,0.702,0.913,0.914,0.914,0.792,1.114
93206,0.814,0.999,0.932,0.791,0.804,1.114
93207,0.682,0.986,1.047,1.07,1.033,1.258
93208,0.734,0.833,0.924,0.977,1.039,1.258
93210,0.716,0.839,0.839,0.821,1.102,1.4
93212,0.768,0.889,1.014,0.902,0.918,1.258
93215,0.799,0.963,1.548,1.254,0.919,1.114
93218,0.75,0.966,1.198,0.791,1.081,1.258
93219,0.701,0.922,1.933,1.281,1.086,1.258
93220,1.104,1.153,1.577,1.284,1.332,1.294
93221,0.802,0.862,0.909,0.837,0.905,1.258
93222,0.734,0.935,0.918,1.102,1.127,1.114
93223,0.836,0.942,1.04,1.065,0.878,1.258
93224,0.792,0.913,1.039,0.813,1.127,1.114
93225,0.855,0.928,0.929,0.913,1.144,1.114
93226,0.734,0.973,0.914,1.014,0.898,1.294
93227,0.915,0.939,0.928,0.902,0.884,1.258
93230,0.799,0.884,0.943,1.014,0.785,1.258
93234,0.75,0.927,1.091,1.151,0.905,1.4
93235,0.766,0.843,1.102,0.873,0.825,1.258
93237,0.67,0.847,0.899,0.796,0.704,1.258
93238,0.669,0.847,0.958,0.813,1.063,1.114
93239,0.715,0.945,0.962,1.063,0.905,1.258
93240,0.843,0.973,1.068,1.07,1.042,1.114
93241,1.031,1.04,1.338,0.971,0.98,1.294
93242,0.866,0.862,1.068,0.913,0.81,1.4
93243,0.905,1.085,0.914,0.942,1.033,1.114
93244,0.661,0.821,0.929,0.913,0.81,1.258
93245,0.836,0.821,0.9,0.96,0.853,1.258
93246,0.836,0.821,0.9,0.96,0.853,1.258
93247,0.887,0.913,1.173,0.917,0.903,1.258
93249,0.7,0.897,1.084,1.158,1.17,1.114
93250,0.734,0.922,1.534,1.122,0.886,1.114
93251,0.757,0.973,0.994,1.179,0.937,1.114
93252,0.734,0.935,0.918,1.102,1.127,1.114
93254,0.734,0.898,1.077,0.773,0.768,0.862
93255,0.734,0.958,1.019,0.959,1.127,1.114
93256,0.768,0.963,1.27,0.769,0.731,1.258
93257,0.942,0.945,1.091,1.023,0.931,1.258
93258,0.942,0.945,1.091,1.023,0.931,1.258
93260,0.682,0.919,0.914,1.087,1.136,1.258
93261,0.8,0.986,1.244,1.023,0.898,1.258
93262,0.682,0.923,1.037,0.899,0.905,1.258
93263,0.828,0.908,1.534,1.185,0.886,1.114
93265,0.734,0.833,0.924,0.977,1.039,1.258
93266,0.764,1.029,1.058,1.152,0.931,1.258
93267,0.994,0.935,1.173,1.193,1.064,1.258
93268,0.749,0.86,1.038,0.821,1.144,1.114
93270,0.768,0.928,1.207,0.95,0.931,1.258
93271,0.67,0.847,0.899,0.796,0.704,1.258
93272,0.793,0.952,1.173,0.902,1.079,1.258
93274,0.925,0.929,1.131,0.964,0.937,1.258
93276,0.734,1.012,1.009,1.078,0.962,1.114
93277,0.949,0.846,0.881,0.898,0.937,1.258
93280,0.82,0.966,1.34,1.244,0.951,1.114
93282,0.925,0.929,1.131,0.964,0.937,1.258
93283,0.806,0.857,0.979,0.899,1.153,1.114
93285,0.734,0.857,0.881,1.193,1.01,1.114
93286,0.934,0.945,0.967,0.968,0.823,1.258
93287,0.82,0.919,0.929,0.886,0.898,1.294
93291,0.915,0.939,0.928,0.902,0.884,1.258
93292,0.827,0.884,0.962,0.787,0.823,1.258
93301,1.148,1.052,1.131,0.964,0.878,1.294
93304,1.101,1.092,1.244,1.284,1.299,1.294
93305,0.984,0.997,1.198,0.935,0.81,1.294
93306,0.995,0.979,1.198,0.968,1.151,1.294
93307,1.104,1.153,1.577,1.284,1.332,1.294
93308,0.915,0.929,1.068,1.011,1.05,1.294
93309,1.075,1.046,1.198,1.151,0.878,1.294
93311,0.827,0.96,0.998,0.864,1.079,1.294
93312,0.897,0.903,1.014,0.975,0.922,1.294
93313,0.938,1.012,1.199,1.151,1.012,1.294
93314,0.815,0.889,0.982,1.062,0.886,1.294
93401,0.726,0.789,0.872,0.763,1.016,0.862
93402,0.556,0.801,0.796,0.94,0.995,0.862
93405,0.825,0.783,0.723,0.779,0.881,0.862
93407,0.825,0.783,0.723,0.779,0.881,0.862
93410,0.825,0.783,0.723,0.779,0.881,0.862
93420,0.762,0.789,0.803,0.935,0.858,0.862
93422,0.702,0.839,0.888,0.786,1.109,0.862
93424,0.652,0.863,0.895,0.94,0.905,0.862
93426,0.722,0.889,1.06,0.786,0.814,1.15
93427,0.764,0.839,0.803,0.673,0.75,0.862
93428,0.605,0.801,0.984,0.919,0.905,0.862
93429,0.722,0.963,0.937,0.779,0.878,0.862
93430,0.734,0.801,0.866,0.732,1.016,0.862
93432,0.669,0.898,1.069,0.94,0.864,0.862
93433,0.864,0.839,0.783,0.674,0.895,0.862
93434,0.652,0.966,0.899,0.825,0.884,0.862
93435,0.734,0.801,0.866,0.732,1.016,0.862
93436,0.79,0.819,0.984,0.688,0.864,0.862
93437,0.766,0.823,0.779,0.748,1.003,0.862
93440,0.578,0.847,0.866,0.722,0.919,0.862
93441,0.734,0.873,0.822,0.706,0.919,0.862
93442,0.7,0.801,0.866,0.887,0.874,0.862
93444,0.827,0.863,0.803,0.779,0.786,0.862
93445,0.781,0.866,0.866,0.659,0.768,0.862
93446,0.702,0.839,1.027,0.907,1.077,0.862
93449,0.764,0.887,0.787,0.907,0.827,0.862
93450,0.551,0.847,0.899,0.748,0.864,1.15
93451,0.75,0.847,1.022,0.765,1.127,0.862
93452,0.749,0.843,0.948,0.765,0.833,0.862
93453,0.7,0.889,1.099,1.009,1.127,0.862
93454,0.764,0.889,0.984,0.913,0.599,0.862
93455,0.632,0.742,0.774,0.702,0.926,0.862
93458,0.887,1.092,1.091,0.893,0.951,0.862
93460,0.785,0.821,0.797,0.956,0.881,0.862
93461,0.905,0.999,1.005,0.956,1.118,0.862
93463,0.7,0.801,0.771,0.732,0.881,0.862
93465,0.726,0.862,0.895,0.779,0.995,0.862
93501,0.835,0.913,1.131,0.813,1.104,0.917
93505,0.887,0.956,1.015,1.135,1.153,0.917
93510,1.031,0.938,0.879,0.94,1.05,0.692
93512,0.668,0.873,1.03,0.781,1.066,0.584
93513,0.569,0.823,0.952,0.831,1.161,0.584
93514,0.551,0.76,1.108,0.706,0.995,0.584
93516,0.806,0.833,1.005,0.796,1.171,0.917
93517,0.7,0.889,1.077,0.803,1.17,0.584
93518,0.669,1.041,1.057,0.748,1.171,1.114
93519,0.722,0.877,0.982,0.886,1.169,0.917
93522,0.716,0.994,0.998,0.813,1.169,0.584
93523,0.597,0.76,0.924,0.887,1.153,0.917
93524,0.597,0.76,0.924,0.887,1.153,0.917
93526,0.722,0.847,1.068,0.831,1.153,0.584
93527,0.668,0.847,1.069,0.803,1.136,0.917
93528,0.682,0.857,1.058,0.868,1.187,0.917
93529,0.764,0.928,1.116,0.96,1.188,0.584
93530,0.715,0.847,0.958,0.919,1.127,0.584
93531,0.726,0.877,1.069,1.057,1.169,1.114
93532,1.087,0.997,0.982,0.862,1.081,0.692
93534,1.171,1.052,0.991,1.266,1.566,0.692
93535,1.231,1.17,1.084,1.563,1.548,0.692
93536,1.013,0.945,0.93,1.023,1.422,0.692
93541,0.668,0.847,1.2,0.926,1.171,0.584
93542,0.7,0.877,1.173,0.838,1.187,0.584
93543,1.143,1.007,1.051,1.151,1.405,0.692
93544,0.881,0.919,0.932,0.813,0.996,0.692
93545,0.715,0.847,0.958,0.919,1.127,0.584
93546,0.7,0.873,1.116,0.831,1.019,0.584
93549,0.7,0.877,1.173,0.838,1.187,0.584
93550,1.316,1.197,1.077,1.487,1.431,0.692
93551,1.143,0.973,1.085,1.183,1.291,0.692
93552,1.319,1.232,1.084,1.563,1.449,0.692
93553,0.897,0.898,0.888,1.212,1.336,0.692
93554,0.755,0.935,0.886,1.014,1.213,0.917
93555,0.693,0.76,1.068,0.919,1.077,0.917
93558,0.668,1.012,0.977,0.886,1.195,0.987
93560,1.05,0.922,0.893,1.083,1.204,0.917
93561,0.749,0.801,0.994,0.956,1.016,1.114
93562,0.715,0.966,1.08,0.98,1.066,0.987
93563,0.836,0.961,0.932,0.847,1.104,0.692
93591,1.192,1.095,0.93,0.964,1.447,0.692
93601,0.768,0.839,0.934,1.083,0.886,1.4
93602,0.768,0.888,0.895,0.899,1.042,1.4
93603,0.766,1.005,0.977,1.078,0.931,1.258
93604,0.702,0.857,1.073,0.964,0.937,1.4
93605,0.726,1.043,1.104,1.284,0.918,1.4
93606,0.851,1.195,1.27,1.741,0.957,1.4
93607,0.828,0.935,1.014,0.968,0.791,1.4
93608,0.792,0.958,1.132,1.023,0.808,1.4
93609,0.843,0.923,1.014,1.264,0.951,1.4
93610,0.802,0.925,1.037,0.894,0.905,1.4
93611,0.919,0.863,0.771,1.032,0.922,1.446
93612,0.889,0.873,0.929,1.234,0.66,1.446
93614,0.758,0.908,0.908,1.028,1.144,1.4
93615,0.828,0.997,1.04,1.2,0.878,1.258
93616,0.828,0.963,1.244,1.668,1.155,1.4
93618,0.766,0.937,1.085,0.939,0.97,1.258
93619,0.758,0.843,0.735,0.847,0.905,1.446
93620,0.828,0.91,0.939,1.127,0.872,1.078
93621,0.7,0.888,1.069,1.147,0.918,1.4
93622,0.734,0.952,1.091,0.994,0.607,1.4
93623,0.67,0.927,1.077,0.956,0.884,1.078
93624,0.729,0.981,1.132,1.41,0.903,1.4
93625,0.934,0.947,1.068,1.081,0.808,1.4
93626,1.013,1.066,1.069,0.917,1.094,1.4
93627,0.67,1.012,1.259,1.049,0.825,1.4
93628,0.726,1.029,1.069,1.219,0.903,1.4
93630,0.815,0.884,1.131,1.193,0.951,1.4
93631,0.925,0.864,0.994,1.078,0.872,1.4
93633,0.726,1.029,1.069,1.219,0.903,1.258
93634,0.67,0.977,1.129,1.161,0.898,1.4
93635,0.799,0.903,1.038,0.939,0.905,1.078
93636,0.835,0.818,0.899,1.102,0.886,1.4
93637,1.013,1.033,1.068,0.902,0.731,1.4
93638,0.978,1.114,1.132,0.917,0.825,1.4
93640,0.977,0.966,1.27,1.481,0.976,1.4
93641,0.701,0.923,1.047,1.122,0.808,1.4
93642,0.67,0.977,1.129,1.161,0.898,1.4
93643,0.792,0.889,1.212,0.862,0.785,1.4
93644,0.793,0.821,0.849,0.722,1.127,1.4
93645,0.793,0.968,1.06,1.411,0.825,1.4
93646,0.8,0.984,1.244,1.456,1.199,1.4
93647,0.835,0.994,1.102,0.901,0.996,1.258
93648,0.887,0.96,1.566,1.581,0.915,1.4
93649,0.836,0.866,0.958,1.193,0.906,1.4
93650,0.982,0.96,1.057,1.829,0.76,1.446
93651,0.734,0.889,0.924,0.894,0.872,1.4
93652,0.669,1.005,1.198,1.252,0.81,1.4
93653,0.768,0.898,1.027,1.132,0.918,1.4
93654,1.031,0.933,1.03,1.288,1.064,1.4
93656,0.863,0.935,1.014,0.968,0.791,1.4
93657,0.836,0.866,0.958,1.193,0.906,1.4
93660,0.793,0.977,1.31,1.252,0.996,1.4
93661,0.828,0.91,0.939,1.127,0.872,1.078
93662,0.925,0.966,1.057,1.286,0.852,1.4
93664,0.693,0.898,0.965,0.939,1.05,1.4
93665,0.828,0.91,0.939,1.127,0.872,1.078
93666,0.766,0.937,1.085,0.939,0.97,1.258
93667,0.75,0.966,0.87,1.087,0.823,1.4
93668,0.757,0.919,1.225,1.337,0.825,1.4
93669,0.638,0.912,1.106,1.02,0.884,1.4
93670,0.828,0.997,1.04,1.2,0.878,1.258
93673,0.716,0.925,1.225,0.851,0.918,1.258
93675,0.764,0.898,1.015,1.185,0.975,1.4
93701,1.099,1.032,1.319,1.826,1.334,1.446
93702,1.074,1.067,1.131,1.71,0.869,1.446
93703,1.027,1.032,1.173,1.829,1.058,1.446
93704,0.858,0.819,0.881,1.081,0.96,1.446
93705,1.019,0.908,1.068,1.581,1.189,1.446
93706,1.047,1.016,1.27,1.829,0.869,1.446
93710,1.035,0.956,0.895,1.007,0.791,1.446
93711,0.887,0.866,0.886,1.083,1.05,1.446
93720,0.887,0.94,0.735,0.994,0.947,1.446
93721,1.108,1.064,1.157,1.401,0.915,1.446
93722,1.016,1.003,1.047,1.481,0.889,1.446
93723,0.949,0.922,1.058,1.41,0.903,1.446
93725,1.031,0.977,1.014,1.679,0.957,1.446
93726,0.763,0.873,1.058,1.723,1.22,1.446
93727,0.938,0.833,0.962,1.723,1.012,1.446
93728,1.041,0.934,1.068,1.401,0.795,1.446
93730,0.949,0.836,0.9,1.083,0.962,1.446
93737,0.785,0.922,1.047,1.065,0.834,1.446
93740,1.108,1.064,1.157,1.401,0.915,1.446
93901,0.994,0.939,1.08,1.023,0.768,1.15
93905,1.035,1.276,1.849,1.219,0.673,1.15
93906,0.833,1.045,1.225,1.264,0.747,1.15
93907,0.858,0.956,1.073,1.122,0.768,1.15
93908,0.864,0.899,0.87,0.98,1.003,1.15
93920,0.833,0.985,1.044,0.886,0.814,1.15
93921,0.68,0.858,0.888,0.849,1.077,1.15
93923,0.762,0.846,0.984,0.935,1.101,1.15
93924,0.68,0.935,1.037,0.849,0.995,1.15
93925,0.7,0.96,1.088,0.902,0.763,1.15
93926,0.79,0.963,1.139,0.959,0.71,1.15
93927,0.734,1.003,1.207,1.185,1.025,1.15
93928,0.716,0.947,1.152,0.868,0.874,1.15
93930,0.758,0.92,1.152,1.015,0.919,1.15
93932,0.661,0.857,0.965,0.887,1.008,1.15
93933,0.951,0.885,0.918,1.254,0.872,1.15
93940,0.705,0.807,0.87,0.946,0.979,1.15
93943,0.733,1.117,0.87,0.803,1.008,1.15
93944,0.705,0.807,0.87,0.946,0.979,1.15
93950,0.617,0.79,0.803,0.886,0.898,1.15
93953,0.766,0.903,0.735,0.831,1.008,1.15
93954,0.638,0.952,0.994,0.779,0.905,1.15
93955,0.863,0.934,0.994,1.092,0.585,1.15
93960,0.68,0.98,1.157,1.062,0.853,1.15
93962,0.864,0.899,0.87,0.98,1.003,1.15
94002,0.64,0.855,1.005,0.748,0.995,1.024
94005,0.807,0.951,0.929,1.087,0.937,1.114
94010,0.807,0.945,1.005,0.722,0.858,1.024
94014,0.84,1.185,1.198,1.435,0.62,1.258
94015,0.847,1.045,0.952,0.901,0.721,1.258
94018,0.791,0.91,0.899,0.849,0.987,1.024
94019,0.791,0.91,0.899,0.849,0.987,1.024
94020,0.799,0.928,1.068,0.868,1.109,1.024
94021,0.693,0.914,0.952,0.956,0.814,1.024
94022,0.68,0.935,0.888,0.919,0.827,0.889
94024,0.742,0.906,0.803,0.763,0.768,0.889
94025,0.836,0.873,0.87,0.935,0.898,1.024
94027,0.929,0.952,0.994,0.763,1.008,1.024
94028,0.791,0.888,0.866,0.966,0.979,1.024
94030,0.949,1.02,0.958,0.787,0.833,1.024
94035,0.833,0.873,0.735,0.864,0.846,0.889
94037,0.897,0.881,0.958,0.907,0.827,1.024
94038,0.833,0.847,0.984,0.796,0.744,1.024
94040,0.754,0.864,0.709,0.722,0.729,0.889
94041,0.936,0.836,0.709,0.907,0.834,0.889
94043,0.833,0.873,0.735,0.864,0.846,0.889
94044,0.734,0.873,0.899,0.813,0.919,1.114
94060,0.702,0.977,1.099,0.796,1.093,1.024
94061,0.705,0.9,1.015,0.926,0.563,1.024
94062,0.825,0.912,0.994,0.887,0.995,1.024
94063,0.98,1.091,1.198,1.132,0.768,1.024
94065,0.736,0.833,0.82,0.838,0.881,1.024
94066,0.833,0.989,0.952,1.019,0.898,1.114
94070,0.791,0.873,0.803,0.966,0.874,1.024
94074,0.802,1.043,1.009,0.907,0.814,1.024
94080,0.867,0.906,0.962,0.994,0.866,1.114
94085,0.874,0.951,0.796,0.968,0.852,0.98
94086,0.773,0.817,0.822,0.805,0.833,0.98
94087,0.773,0.846,0.698,0.977,0.814,0.889
94089,0.84,0.899,0.774,0.878,0.761,0.98
94102,1.175,1.163,1.305,1.513,0.747,1.258
94103,0.87,1.175,1.405,1.151,0.66,1.258
94104,0.958,1.349,1.198,1.266,0.823,1.258
94105,0.897,1.163,1.06,0.902,0.78,1.258
94107,0.754,1.022,1.084,0.864,0.94,1.258
94108,1.048,1.199,1.257,0.971,0.71,1.258
94109,0.881,1.195,1.186,0.886,0.833,1.258
94110,0.944,1.011,1.305,0.821,0.71,1.258
94111,1.015,1.083,1.037,1.014,0.846,1.258
94112,0.945,1.163,1.132,1.668,0.984,1.177
94114,0.836,0.963,0.934,0.779,0.919,1.177
94115,0.945,1.175,1.305,0.914,0.859,1.258
94116,0.972,0.968,1.058,0.987,0.704,1.177
94117,0.841,0.946,0.965,0.722,0.792,1.258
94118,0.777,1.046,1.038,1.102,1.019,1.177
94121,1.12,0.923,1.037,1.007,0.898,1.177
94122,0.847,1.01,0.958,1.065,0.872,1.177
94123,0.807,1.003,0.919,0.786,0.768,1.177
94124,1.221,1.318,1.632,1.481,0.915,1.258
94127,0.847,0.968,0.899,0.781,0.761,1.177
94129,0.999,0.946,1.005,0.935,0.71,1.177
94130,1.221,1.418,1.402,1.581,0.721,1.258
94131,0.856,0.968,1.015,0.977,0.919,1.177
94132,0.89,1.092,1.068,1.337,0.919,1.177
94133,0.881,1.092,1.212,1.163,0.768,1.258
94134,1.016,1.341,1.225,1.401,0.878,1.258
94158,0.856,1.191,1.037,1.264,0.62,1.258
94301,0.773,0.956,0.803,0.919,0.858,0.889
94303,0.853,0.963,1.037,0.868,0.898,0.889
94304,0.734,0.999,0.984,0.706,0.864,0.889
94305,0.807,0.846,0.709,0.831,0.768,0.889
94306,0.71,0.817,0.75,0.786,0.874,0.889
94401,0.972,1.012,0.994,0.898,0.853,1.024
94402,0.705,0.806,0.826,0.779,0.744,1.024
94403,0.807,0.892,0.888,0.753,0.834,1.024
94404,0.742,0.833,0.787,0.886,0.905,1.024
94501,0.847,0.968,0.934,1.2,0.731,1.024
94502,0.726,0.833,0.822,1.051,0.804,1.024
94503,0.994,0.943,0.918,1.02,0.834,0.979
94505,0.973,0.935,1.049,0.864,1.055,1.024
94506,0.781,0.984,0.95,0.779,0.858,1.024
94507,0.736,0.884,1.034,0.786,0.874,1.024
94508,0.915,1.005,0.918,0.95,0.839,1.257
94509,1.027,1.163,1.118,1.023,0.716,1.024
94510,0.887,0.91,0.845,0.722,1.003,1.337
94511,1.031,0.973,1.005,1.121,1.066,1.024
94512,0.75,1.07,1.011,1.127,0.797,1.337
94513,0.999,0.96,1.039,0.894,0.785,1.024
94514,0.936,0.91,1.049,0.899,0.866,1.024
94515,0.815,0.952,0.899,0.94,0.834,1.257
94516,0.762,1.005,1.051,1.02,0.905,1.024
94517,0.858,0.884,0.839,0.849,0.746,1.024
94518,0.754,0.889,0.895,0.914,0.694,1.024
94519,0.82,0.892,0.895,0.806,0.884,1.024
94520,0.87,1.032,1.104,1.124,0.834,1.024
94521,0.949,0.883,0.895,0.862,0.839,1.024
94523,0.807,0.864,0.832,0.975,0.761,1.024
94525,0.968,1.033,1.116,0.864,0.792,1.024
94526,0.697,0.864,0.938,0.763,1.008,1.024
94528,0.855,0.977,0.965,0.732,1.008,1.024
94530,0.949,0.858,0.82,1.019,0.853,1.15
94531,0.982,1.191,1.275,1.185,0.953,1.024
94533,1.008,1.012,1.022,0.994,0.884,1.337
94534,0.736,0.925,0.895,0.813,0.898,1.337
94535,0.822,0.994,0.883,0.722,0.884,1.337
94536,0.99,0.999,0.908,0.862,0.576,1.068
94538,0.84,1.012,0.95,1.02,0.768,1.068
94539,0.856,0.977,0.813,0.765,0.774,1.068
94541,0.988,1.103,1.212,1.065,0.81,1.024
94542,1.074,1.11,1.073,1.032,0.731,1.024
94544,0.988,1.163,1.116,1.065,0.673,1.024
94545,0.949,1.046,1.093,1.081,0.62,1.024
94546,0.833,0.883,0.908,0.862,0.768,1.024
94547,0.919,1.046,1.067,1.284,0.794,1.024
94548,0.802,0.962,1.027,1.142,0.797,1.024
94549,0.807,0.942,1.049,0.673,1.008,1.024
94550,0.68,0.839,0.845,0.748,0.995,1.024
94551,0.736,0.881,0.883,0.753,0.767,1.024
94552,0.781,0.94,0.939,0.914,0.704,1.024
94553,0.934,0.873,0.965,0.813,0.689,1.024
94555,0.856,0.908,0.826,1.078,0.859,1.068
94556,0.929,0.91,0.919,0.907,0.858,1.024
94558,0.889,0.9,0.87,1.08,0.881,1.257
94559,0.68,0.864,0.838,1.07,0.852,1.257
94560,0.951,0.977,0.939,0.931,0.922,1.068
94561,1.04,1.024,1.044,1.151,0.791,1.024
94562,0.889,0.9,0.87,1.08,0.881,1.257
94563,0.847,0.994,1.049,0.763,1.077,1.024
94564,0.874,1.042,1.027,0.95,0.791,1.024
94565,1.097,1.238,1.129,1.023,0.934,1.024
94566,0.833,0.9,0.822,0.779,0.768,1.024
94567,0.815,1.048,1.093,0.795,0.763,1.257
94568,0.791,0.963,0.934,0.894,0.839,1.024
94569,0.758,0.985,0.908,1.127,0.768,1.024
94570,0.929,0.91,0.919,0.907,0.858,1.024
94571,0.855,0.936,0.837,0.997,1.153,1.337
94572,0.975,1.071,1.051,0.91,0.66,1.024
94573,0.749,1.069,0.899,0.872,0.94,1.257
94574,0.758,0.984,0.924,0.722,0.827,1.257
94575,0.929,0.91,0.919,0.907,0.858,1.024
94576,0.866,1.057,1.011,0.931,0.852,1.257
94577,1.019,1.087,1.106,1.244,0.747,1.024
94578,1.097,1.175,1.331,1.252,0.878,1.024
94579,0.972,0.989,1.039,1.104,0.794,1.024
94580,0.98,1.117,1.06,1.142,0.852,1.024
94582,0.822,0.963,0.987,0.931,0.834,1.024
94583,0.791,0.832,0.883,0.813,0.858,1.024
94585,0.999,1.091,1.038,0.873,1.032,1.337
94586,0.949,0.961,0.95,0.868,0.878,1.024
94587,0.975,0.951,1.022,1.124,0.721,1.024
94588,0.889,0.908,0.822,0.821,0.563,1.024
94589,1.057,1.195,1.118,1.185,0.971,0.979
94590,1.024,1.302,1.212,1.142,0.862,0.979
94591,1.048,1.11,1.09,0.837,0.747,0.979
94592,0.799,1.083,1.011,0.917,0.763,0.979
94595,0.82,0.939,0.8,0.748,0.858,1.024
94596,0.773,0.847,0.912,0.779,0.82,1.024
94597,0.84,0.939,0.862,0.777,0.846,1.024
94598,0.771,0.847,0.813,0.748,0.827,1.024
94599,0.754,0.9,0.81,0.821,0.898,1.257
94601,1.306,1.423,1.5,1.481,0.839,1.006
94602,0.87,1.011,1.02,1.02,0.66,1.06
94603,1.161,1.394,1.684,1.481,0.869,1.006
94605,0.847,1.302,1.454,1.049,0.795,1.06
94606,0.999,1.29,1.454,1.573,0.804,1.006
94607,1.175,1.341,1.623,1.639,1.047,1.006
94608,0.932,1.08,1.124,1.104,0.878,1.006
94609,0.932,0.963,1.128,1.007,0.673,1.006
94610,0.777,0.88,0.987,1.063,0.78,1.06
94611,0.82,0.96,1.186,0.722,1.019,1.06
94612,1.048,1.185,1.402,1.344,0.804,1.006
94613,0.847,1.302,1.454,1.049,0.795,1.06
94618,0.781,0.822,0.934,0.722,0.746,1.06
94619,1.058,1.243,1.152,1.161,0.951,1.06
94621,1.339,1.418,2.122,1.639,1.133,1.006
94626,1.175,1.341,1.623,1.639,1.047,1.006
94702,0.87,0.978,1.027,0.931,0.747,1.006
94703,0.87,0.897,0.965,1.019,0.747,1.006
94704,1.074,1.057,0.965,1.014,0.71,1.06
94705,1.076,0.978,0.939,0.899,1.027,1.06
94706,0.975,0.895,0.804,0.942,0.804,1.06
94707,0.853,0.817,0.81,0.849,0.979,1.06
94708,0.791,0.934,0.826,0.94,0.864,1.06
94709,0.777,0.885,0.924,0.98,0.767,1.06
94710,1.109,1.08,1.135,1.124,0.951,1.006
94720,1.074,1.057,0.965,1.014,0.71,1.06
94801,1.125,1.234,1.412,1.184,0.968,1.15
94803,1.04,1.087,1.073,0.902,0.808,1.024
94804,1.161,1.318,1.129,1.014,0.73,1.15
94805,1.035,1.092,1.118,0.99,0.731,1.15
94806,1.161,1.28,1.19,1.271,0.971,1.024
94901,0.856,0.939,1.038,0.913,0.839,0.943
94903,0.766,0.836,0.924,0.864,0.864,0.943
94904,0.847,0.939,0.918,0.96,0.995,0.943
94920,0.975,1.057,1.037,0.849,0.874,0.943
94922,0.829,1.023,0.994,0.872,0.895,1.149
94923,0.625,0.864,1.093,0.821,0.919,1.149
94924,0.905,0.985,1.116,0.975,0.768,0.943
94925,0.82,0.939,0.924,0.781,0.858,0.943
94928,0.791,0.96,1.015,0.931,0.779,1.149
94929,0.8,1.109,1.044,0.907,0.874,0.943
94930,0.949,0.908,1.015,1.147,0.864,0.943
94931,0.833,0.92,0.984,0.753,0.833,1.149
94933,0.847,1.02,1.044,0.996,0.774,0.943
94937,0.79,0.887,1.088,0.688,0.881,0.943
94938,0.999,1.027,1.091,1.183,0.864,0.943
94939,0.867,0.908,1.005,0.98,0.827,0.943
94940,0.793,0.968,1.132,0.94,0.82,0.943
94941,0.98,0.889,1.038,0.977,0.858,0.943
94945,0.762,0.884,0.82,0.821,0.834,0.943
94946,0.802,1.133,1.091,0.838,0.858,0.943
94947,0.889,0.751,0.82,0.765,0.858,0.943
94949,0.934,0.96,0.908,0.805,0.834,0.943
94950,0.734,1.07,1.091,0.813,0.858,0.943
94951,0.836,0.866,0.984,0.674,0.881,1.149
94952,0.889,0.896,0.87,0.781,0.846,1.149
94954,0.781,0.881,0.87,0.95,0.915,1.149
94956,0.762,0.928,1.077,0.98,0.827,0.943
94957,1.06,1.163,1.08,0.926,0.905,0.943
94960,0.733,0.815,1.011,0.98,0.905,0.943
94963,0.887,1.04,1.037,1.158,1.042,0.943
94964,0.918,1.069,0.958,0.95,0.915,0.943
94965,0.867,0.948,1.06,0.907,0.874,0.943
94970,0.836,1.115,1.058,0.926,0.898,0.943
94971,0.734,1.057,1.015,1.014,0.774,0.943
94972,0.757,0.994,1.069,0.886,0.864,1.149
94973,0.978,0.869,1.069,1.062,0.814,0.943
95002,0.975,0.98,1.077,1.023,1.025,0.98
95003,0.64,0.783,0.849,0.813,0.82,0.979
95004,0.864,0.923,0.912,0.996,0.852,1.15
95005,0.671,0.873,1.027,0.872,0.987,0.979
95006,0.856,0.866,1.077,0.722,1.003,0.979
95007,0.671,0.873,1.027,0.872,0.987,0.979
95008,0.856,0.903,0.899,0.813,0.846,0.98
95010,0.807,0.759,0.826,0.913,0.82,0.979
95012,0.968,1.125,1.415,1.219,0.59,1.15
95013,0.693,1.057,0.866,0.837,0.846,0.98
95014,0.71,0.94,0.72,0.821,0.898,0.889
95017,0.762,0.908,1.011,1.091,0.75,0.979
95018,0.68,0.873,0.924,0.821,0.563,0.979
95019,0.951,1.08,1.54,1.307,0.78,0.979
95020,0.889,0.942,1.027,0.946,0.804,0.98
95023,0.856,0.96,1.199,1.279,0.915,1.15
95026,0.929,0.936,1.027,0.907,0.858,0.98
95030,0.739,0.933,0.924,0.887,0.898,0.98
95032,0.82,0.933,0.918,0.779,1.077,0.98
95033,0.929,0.936,1.027,0.907,0.858,0.98
95035,0.84,1.012,0.822,1.122,0.915,1.068
95037,0.858,0.912,0.924,0.765,0.905,0.98
95039,0.766,0.908,1.093,1.151,0.785,1.15
95041,0.68,0.873,0.924,0.821,0.563,0.979
95042,0.68,0.873,0.924,0.821,0.563,0.98
95043,0.734,0.888,0.965,0.907,0.814,1.15
95044,0.929,0.936,1.027,0.907,0.858,0.98
95045,0.825,0.919,0.862,0.886,0.926,1.15
95046,0.763,0.923,0.899,0.821,0.94,0.98
95050,0.98,0.899,0.838,0.914,0.846,0.98
95051,0.847,0.892,0.81,0.996,0.751,0.98
95053,0.98,0.899,0.838,0.914,0.846,0.98
95054,0.773,1.024,0.796,0.935,0.792,0.98
95060,0.742,0.847,0.862,0.98,0.786,0.979
95062,0.663,0.807,0.813,0.996,0.846,0.979
95064,1.058,1.125,0.918,1.2,0.785,0.979
95065,0.713,0.855,0.895,0.722,0.75,0.979
95066,0.766,0.836,0.822,0.796,1.085,0.979
95070,0.734,0.939,0.899,0.732,0.827,0.889
95073,0.763,0.892,0.908,0.813,0.864,0.979
95075,0.726,0.923,0.888,0.868,0.846,1.15
95076,0.936,1.092,1.415,1.288,0.721,0.979
95110,1.074,1.149,1.077,1.019,0.797,1.024
95111,0.999,1.238,1.03,1.149,0.971,1.024
95112,0.932,1.149,1.044,1.051,0.731,1.024
95113,1.109,1.275,1.08,1.193,0.808,1.024
95116,0.999,1.175,1.207,1.41,0.984,1.024
95117,0.779,0.906,1.005,0.964,0.71,0.98
95118,0.972,0.96,0.918,0.878,0.853,0.98
95119,0.847,0.889,0.803,0.899,0.763,0.98
95120,0.807,0.96,0.803,0.907,1.101,0.98
95121,1.024,1.057,1.009,1.161,0.66,1.024
95122,1.177,1.175,1.198,1.185,0.716,1.024
95123,0.856,1.02,1.011,0.806,0.786,0.98
95124,0.867,0.854,0.838,1.051,0.846,0.98
95125,0.82,0.956,0.918,0.722,0.833,0.98
95126,0.836,0.951,1.011,0.95,0.763,0.98
95127,1.06,1.125,1.058,1.092,0.791,1.024
95128,0.972,0.899,0.994,0.878,0.779,0.98
95129,0.754,0.855,0.679,0.787,0.734,0.98
95130,0.949,0.873,0.774,0.95,0.884,0.98
95131,0.87,1.091,0.866,1.063,0.71,1.024
95132,0.874,0.951,0.886,1.051,0.763,1.024
95133,1.076,1.103,0.948,1.386,0.62,1.024
95134,0.832,1.153,0.82,0.996,0.853,1.068
95135,0.867,0.999,0.774,1.014,0.792,1.024
95136,0.847,0.951,1.015,1.023,0.599,0.98
95138,0.836,1.033,0.994,0.878,0.947,0.98
95139,0.858,0.883,0.82,0.781,0.919,0.98
95140,0.764,0.985,0.87,0.796,0.746,0.98
95141,0.802,1.057,1.015,0.864,0.82,0.98
95148,1.076,1.01,0.929,1.063,0.747,1.024
95192,0.932,1.149,1.044,1.051,0.731,1.024
95202,1.421,1.313,1.374,1.573,1.036,1.517
95203,1.108,1.103,1.054,1.639,0.738,1.517
95204,1.024,0.979,1.049,1.063,0.716,1.517
95205,1.099,1.238,1.402,1.77,1.093,1.517
95206,1.14,1.238,1.374,1.639,1.093,1.517
95207,0.936,1.042,1.291,1.239,0.962,1.517
95209,1.074,0.96,0.934,1.487,0.953,1.517
95210,1.099,1.092,1.135,1.829,1.07,1.517
95211,1.024,0.979,1.049,1.063,0.716,1.517
95212,1.013,1.046,1.18,1.487,0.951,1.517
95215,1.031,1.012,1.332,1.2,0.738,1.517
95219,1.041,1.02,0.968,1.051,0.96,1.517
95220,0.925,0.928,0.95,1.121,0.859,1.311
95221,0.716,0.847,0.894,0.849,0.895,1.311
95222,0.716,0.847,0.894,0.849,0.895,1.311
95223,0.778,0.825,1.054,0.688,1.118,1.311
95224,0.668,0.901,1.291,0.996,0.768,1.311
95225,0.828,0.968,1.054,1.051,1.055,1.311
95226,0.828,0.968,1.054,1.051,1.055,1.311
95227,0.8,0.888,1.054,1.063,0.898,1.311
95228,0.768,0.935,0.987,1.122,0.866,1.311
95229,0.7,0.898,1.142,0.878,0.852,1.311
95230,0.8,0.945,0.965,0.939,0.763,1.311
95231,1.066,1.057,1.224,1.36,0.878,1.517
95232,0.639,0.945,1.084,1.122,0.78,1.311
95233,0.67,0.919,1.142,0.959,0.768,1.311
95234,1.14,1.238,1.374,1.639,1.093,1.311
95236,0.978,0.973,1.076,1.102,1.079,1.311
95237,1.013,0.913,1.034,1.023,0.768,1.311
95240,1.024,0.96,0.919,1.212,0.808,1.311
95242,0.915,0.906,0.835,1.105,0.898,1.311
95245,0.843,0.931,1.054,1.011,0.839,1.311
95246,0.67,0.857,1.305,1.105,0.898,1.311
95247,0.734,0.857,0.969,0.796,0.905,1.311
95248,0.715,0.928,1.084,0.994,0.768,1.311
95249,0.8,0.888,0.845,1.014,1.027,1.311
95250,0.67,0.857,1.305,1.105,0.898,1.311
95251,0.7,0.898,1.142,0.878,0.852,1.311
95252,0.828,0.968,1.054,1.051,1.055,1.311
95253,1.024,0.96,0.919,1.212,0.808,1.311
95254,0.716,0.833,1.034,1.019,0.78,1.311
95255,0.715,0.877,1.049,1.051,0.898,1.311
95257,0.75,1.109,1.291,1.019,1.136,1.311
95258,0.887,0.903,0.969,0.914,0.962,1.311
95267,1.421,1.313,1.374,1.573,1.036,1.517
95301,0.978,0.887,1.037,1.02,0.808,1.078
95303,0.843,0.946,1.142,1.051,0.721,1.078
95304,0.915,0.936,1.049,1.019,0.81,1.311
95305,0.716,0.994,1.128,0.939,0.797,1.4
95306,0.668,0.877,0.912,0.959,0.785,1.078
95307,1.075,0.908,1.099,1.271,1.119,0.854
95309,0.669,0.963,0.95,0.942,0.859,1.4
95310,0.749,0.922,0.839,0.935,0.915,1.4
95311,0.785,0.928,1.186,0.914,0.852,1.078
95312,0.726,0.906,1.093,1.023,0.823,1.078
95313,0.785,0.873,1.022,0.939,0.919,0.854
95315,0.969,0.943,1.116,1.286,0.794,1.078
95316,0.934,0.866,0.849,1.142,0.94,0.854
95317,0.749,1.048,0.912,0.901,0.797,1.078
95318,0.668,0.857,1.142,1.063,0.866,1.078
95319,0.999,0.899,1.037,1.023,0.862,0.854
95320,0.855,0.863,0.839,0.864,0.922,1.311
95321,0.716,0.862,1.027,0.803,0.878,1.4
95322,0.863,0.913,0.95,0.997,1.025,1.078
95323,0.863,0.913,0.95,1.219,0.898,0.854
95324,0.969,0.946,0.919,1.023,0.947,1.078
95325,0.639,0.935,1.224,1.051,0.797,1.078
95326,0.905,0.884,0.924,0.926,0.791,0.854
95327,0.762,0.887,1.039,0.997,0.902,1.4
95328,0.999,1.091,1.118,1.488,1.014,0.854
95329,0.785,0.945,1.084,1.122,0.962,1.078
95330,1.019,1.012,1.291,1.307,0.918,1.311
95333,0.766,0.923,0.919,0.99,0.872,1.078
95334,0.863,0.943,1.009,1.244,0.898,1.078
95335,0.716,0.898,1.18,1.087,0.937,1.4
95336,0.995,0.933,0.934,1.092,0.962,1.311
95337,0.994,0.956,1.142,1.124,0.898,1.311
95338,0.701,0.897,1.056,0.786,1.003,1.078
95340,0.919,0.883,0.918,1.124,0.607,1.078
95341,1.143,1.016,1.08,1.668,0.878,1.078
95343,0.919,0.883,0.918,1.124,0.607,1.078
95344,0.919,0.883,0.918,1.124,0.607,1.078
95345,0.668,0.888,0.965,0.935,0.859,1.078
95346,0.799,0.983,1.142,0.939,0.905,1.4
95347,0.716,0.994,1.128,0.939,0.797,1.4
95348,0.975,1.003,1.104,1.185,0.918,1.078
95350,1.101,0.956,0.918,1.151,0.878,0.854
95351,1.091,1.08,1.225,1.77,0.957,0.854
95353,1.101,0.956,0.918,1.151,0.878,0.854
95354,1.215,1.11,1.077,1.581,1.107,0.854
95355,1.019,0.94,0.899,1.286,0.951,0.854
95356,0.936,0.92,0.939,0.95,0.96,0.854
95357,0.999,0.899,1.037,1.023,0.862,0.854
95358,1.091,0.939,1.088,1.185,1.079,0.854
95360,0.802,0.899,1.022,1.063,1.153,0.854
95361,0.915,0.873,0.87,1.014,0.905,0.854
95363,0.864,0.963,1.118,0.968,0.996,0.854
95364,0.7,1.07,1.02,1.078,0.886,1.4
95365,0.702,0.962,1.147,1.032,1.094,1.078
95366,0.855,0.796,0.822,0.886,0.866,1.311
95367,1.091,0.98,1.037,1.185,0.86,0.854
95368,1.074,0.956,0.965,1.392,0.976,0.854
95369,0.764,0.973,0.95,0.964,0.872,1.078
95370,0.671,0.815,1.056,0.738,0.814,1.4
95372,0.702,0.819,0.987,0.931,0.852,1.4
95373,0.671,0.815,1.056,0.738,0.814,1.4
95374,0.96,0.903,1.027,0.968,0.71,1.078
95375,0.682,0.963,1.18,1.087,0.81,1.4
95376,1.008,0.98,1.186,0.939,0.872,1.311
95377,1.099,1.033,1.054,1.049,0.884,1.311
95379,0.79,0.862,0.965,0.805,0.884,1.4
95380,1.041,0.943,0.95,0.964,0.918,0.854
95382,0.915,0.92,0.849,1.019,0.886,0.854
95383,0.758,0.881,1.049,0.777,0.751,1.4
95385,0.734,1.048,1.02,1.019,0.834,1.311
95386,1.031,0.922,0.908,1.063,1.086,0.854
95387,0.764,1.029,1.2,1.337,1.119,0.854
95388,0.925,0.942,1.091,1.184,0.86,1.078
95389,0.726,0.888,1.073,0.872,0.694,1.078
95391,0.975,1.13,1.111,0.917,0.808,1.311
95401,0.934,0.94,0.918,0.95,1.066,1.149
95403,0.887,0.96,0.984,0.808,0.804,1.149
95404,0.887,0.966,1.069,0.868,0.839,1.149
95405,0.934,0.942,0.87,0.805,0.898,1.149
95407,1.041,1.12,1.091,0.99,0.62,1.149
95409,0.807,0.977,0.866,0.872,1.025,1.149
95410,0.7,0.912,1.015,0.796,0.878,1.517
95412,0.729,0.973,1.08,0.688,0.82,1.149
95415,0.661,1.085,1.047,0.94,0.734,1.517
95416,0.655,0.881,0.803,0.975,0.834,1.149
95417,0.661,1.109,1.06,0.837,0.834,1.517
95418,0.581,0.855,0.939,0.803,0.678,1.517
95419,0.68,0.968,1.093,1.019,0.779,1.149
95420,0.67,0.923,1.015,0.738,0.786,1.517
95421,0.764,0.938,1.091,0.765,0.833,1.149
95422,0.863,1.033,1.106,1.014,0.947,1.517
95423,0.793,0.914,1.039,1.062,1.002,1.517
95424,0.881,0.937,1.011,0.781,0.895,1.517
95425,0.693,0.863,0.965,0.786,1.077,1.149
95426,0.793,0.994,1.632,0.838,1.11,1.517
95427,0.668,0.931,1.047,0.722,0.75,1.517
95428,0.722,1.043,1.073,0.94,0.905,1.517
95429,0.734,0.919,1.038,0.821,0.833,1.517
95430,0.733,1.15,1.077,1.078,0.768,1.149
95431,0.855,0.935,0.866,0.899,0.926,1.149
95432,0.7,1.021,1.077,0.849,0.786,1.517
95433,0.655,0.881,0.803,0.975,0.834,1.149
95435,0.693,0.789,0.919,0.706,0.898,1.517
95436,0.949,0.933,1.005,0.942,0.804,1.149
95437,0.617,0.801,1.08,0.748,0.768,1.517
95439,0.766,0.983,0.994,1.023,0.797,1.149
95441,0.734,0.913,1.038,0.732,0.864,1.149
95442,0.855,0.935,0.866,0.899,0.926,1.149
95443,0.734,0.984,1.011,0.838,1.002,1.517
95444,0.758,0.947,0.924,1.014,0.804,1.149
95445,0.67,0.919,1.116,0.779,0.858,1.517
95446,0.856,0.887,1.069,0.886,1.042,1.149
95448,0.825,0.922,0.919,0.887,0.82,1.149
95449,0.716,0.962,0.95,0.821,0.919,1.517
95450,0.716,0.986,1.011,1.083,0.786,1.149
95451,0.778,0.888,0.95,0.907,0.995,1.517
95452,0.915,0.937,0.958,0.996,0.915,1.149
95453,0.693,0.789,0.919,0.706,0.898,1.517
95454,0.757,1.029,1.374,0.94,0.82,1.517
95456,0.7,0.968,1.044,0.95,0.75,1.517
95457,0.881,0.937,1.011,0.781,0.895,1.517
95458,0.749,0.94,1.02,0.926,0.884,1.517
95459,0.768,0.913,1.06,0.926,0.905,1.517
95460,0.671,0.862,1.044,0.946,1.118,1.517
95461,0.866,0.999,1.257,1.105,1.118,1.517
95462,0.749,0.977,0.994,0.886,0.761,1.149
95463,0.7,1.012,1.091,0.872,1.102,1.517
95464,0.785,0.919,0.965,0.997,0.82,1.517
95465,0.836,0.984,1.037,1.028,0.761,1.149
95466,0.668,0.903,1.077,0.886,0.792,1.517
95467,0.863,0.973,1.212,1.122,1.025,1.517
95468,0.722,1.058,1.069,0.868,0.834,1.517
95469,0.768,0.928,0.987,0.748,0.864,1.517
95470,0.758,0.925,0.835,0.779,0.673,1.517
95471,0.856,0.887,1.069,0.886,1.042,1.149
95472,0.764,0.866,0.984,0.765,0.834,1.149
95476,0.655,0.881,0.803,0.975,0.834,1.149
95480,0.715,1.153,1.171,0.838,0.834,1.149
95481,0.581,0.855,0.939,0.803,0.678,1.517
95482,0.581,0.855,0.939,0.803,0.678,1.517
95485,0.734,0.898,1.02,0.702,0.82,1.517
95486,0.749,0.977,0.994,0.886,0.761,1.149
95487,0.655,0.881,0.803,0.975,0.834,1.149
95488,0.669,1.029,1.011,0.864,0.834,1.517
95490,0.693,0.936,1.073,0.813,0.734,1.517
95492,0.827,0.922,0.908,0.753,0.767,1.149
95493,0.715,0.888,0.908,0.821,0.774,1.517
95494,0.715,0.938,1.039,0.868,0.834,1.517
95497,0.734,0.898,1.015,0.96,0.82,1.149
95501,0.855,0.922,0.934,1.014,0.804,1.517
95503,0.79,0.935,0.839,1.07,0.839,1.517
95511,0.668,1.3,1.091,1.089,0.82,1.517
95514,0.715,1.153,1.038,0.838,0.774,1.517
95519,0.556,0.843,1.021,0.94,0.729,1.517
95521,0.617,0.801,0.845,0.803,0.734,1.517
95524,0.625,0.889,0.832,0.702,0.864,1.517
95525,0.7,0.821,1.034,0.779,0.563,1.517
95526,0.638,1.133,1.084,1.036,0.563,1.517
95527,0.715,0.962,1.049,0.926,0.694,1.517
95528,0.578,0.935,1.244,0.765,0.878,1.517
95531,0.597,0.839,1.038,1.105,0.979,1.517
95534,0.79,0.935,0.839,1.07,0.839,1.517
95536,0.669,0.862,1.034,0.763,0.827,1.517
95537,0.68,0.994,0.862,1.014,0.751,1.517
95538,0.597,0.839,1.038,1.105,0.979,1.517
95540,0.734,0.884,1.034,0.765,0.734,1.517
95542,0.716,1.122,1.128,0.988,0.898,1.517
95543,0.639,0.847,1.056,0.864,0.761,1.517
95545,0.661,1.109,1.039,0.796,0.734,1.517
95546,0.815,1.206,1.448,0.942,0.689,1.517
95547,0.669,0.903,1.111,0.796,0.678,1.517
95548,0.734,0.962,1.027,0.968,0.767,1.517
95549,0.597,0.986,0.919,0.946,0.678,1.517
95550,0.661,0.994,1.054,0.868,0.576,1.517
95551,0.693,0.884,1.054,0.765,0.853,1.517
95552,0.639,0.963,0.934,0.779,0.673,1.517
95553,0.742,1.077,1.18,0.849,0.559,1.517
95554,0.716,1.061,1.203,0.838,0.673,1.517
95555,0.715,0.928,1.152,0.864,0.864,1.517
95556,0.682,0.961,1.186,0.813,0.563,1.517
95558,0.742,1.133,1.039,0.913,0.678,1.517
95559,0.639,1.043,1.056,0.821,0.734,1.517
95560,0.871,1.133,1.039,0.868,0.678,1.517
95562,0.702,0.968,1.054,1.011,0.559,1.517
95563,0.701,1.041,1.203,0.926,0.734,1.517
95564,0.858,1.024,0.919,0.996,0.572,1.517
95565,0.669,0.923,1.14,0.781,0.563,1.517
95567,0.625,0.884,0.849,0.886,0.987,1.517
95568,0.668,1.108,1.18,0.864,0.839,1.517
95569,0.7,1.007,0.965,1.147,0.563,1.517
95570,0.669,0.839,1.034,0.849,0.734,1.517
95571,0.638,0.984,1.18,0.765,0.563,1.517
95573,0.638,0.898,1.291,1.112,0.572,1.517
95585,0.734,1.097,1.038,0.975,0.846,1.517
95587,0.668,1.095,1.106,0.821,0.82,1.517
95589,0.668,1.085,1.291,0.779,0.987,1.517
95595,0.668,0.945,0.95,0.738,0.878,1.517
95601,0.729,0.973,1.021,0.942,0.898,1.311
95602,0.79,0.818,1.046,0.821,1.118,1.337
95603,0.764,0.802,1.034,0.674,0.979,1.337
95604,0.802,0.973,1.111,1.083,0.902,1.337
95605,1.008,1.032,0.934,1.149,1.092,1.525
95606,0.764,0.999,0.965,1.051,1.144,1.337
95607,0.75,0.877,1.021,1.122,0.94,1.337
95608,0.847,0.833,0.778,1.014,0.951,1.679
95610,0.972,0.769,0.804,0.925,1.032,1.679
95612,0.802,0.908,0.883,0.946,0.94,1.337
95613,0.701,0.898,1.076,0.864,1.027,1.311
95614,0.734,0.825,1.034,0.838,1.085,1.311
95615,0.793,1.057,1.034,0.964,0.859,1.337
95616,0.697,0.769,0.779,0.722,0.834,1.337
95618,0.68,0.759,0.792,0.748,1.003,1.337
95619,0.864,0.819,0.968,0.931,1.055,1.311
95620,0.764,0.896,0.894,0.849,1.025,1.337
95621,1.066,0.956,0.826,1.063,1.032,1.679
95623,0.814,0.821,1.089,1.105,1.039,1.311
95624,1.027,0.956,0.826,1.065,1.099,1.525
95625,0.968,0.92,0.81,0.781,0.853,1.337
95626,1.013,0.922,0.895,1.266,0.971,1.525
95627,0.764,0.925,1.021,0.964,0.937,1.337
95628,0.919,0.815,0.804,0.913,1.066,1.679
95629,0.75,0.857,1.111,0.864,1.05,1.311
95630,0.827,0.857,0.758,0.813,1.127,1.311
95631,0.701,0.818,1.117,0.777,0.905,1.337
95632,0.905,0.9,0.894,0.902,0.947,1.337
95633,0.734,0.898,1.14,0.781,0.919,1.311
95634,0.7,0.847,1.142,0.849,1.101,1.311
95635,0.785,0.952,1.089,1.014,0.884,1.311
95636,0.766,1.021,1.244,0.959,1.055,1.311
95637,0.734,0.973,1.111,0.996,0.922,1.337
95638,0.925,0.912,1.111,0.838,1.135,1.337
95639,0.836,0.973,1.049,1.014,0.905,1.337
95640,0.903,0.881,1.076,1.014,1.019,1.311
95641,0.855,0.935,0.835,1.014,0.853,1.337
95642,0.785,0.863,1.076,0.864,0.987,1.311
95645,0.693,0.963,1.142,1.078,0.98,1.337
95646,0.668,0.983,1.14,0.864,0.926,1.311
95648,0.815,0.873,0.837,0.821,1.01,1.337
95650,0.995,0.913,0.889,1.08,1.016,1.311
95651,0.887,0.968,1.034,0.837,1.01,1.311
95652,0.968,1.309,1.305,1.41,0.915,1.525
95653,0.716,0.945,1.111,0.956,0.866,1.337
95654,0.785,0.863,1.076,0.864,0.987,1.311
95655,1.057,0.936,0.95,0.95,1.064,1.679
95656,0.716,0.913,1.111,0.886,1.135,1.311
95658,0.925,0.889,0.968,0.868,1.102,1.337
95659,0.851,0.997,1.076,0.95,0.94,1.337
95660,1.228,1.057,1.038,1.185,1.37,1.525
95661,0.934,0.831,0.813,0.942,1.055,1.311
95662,0.949,0.863,0.82,1.051,0.975,1.679
95663,0.799,0.825,0.968,0.777,1.01,1.337
95664,0.8,0.994,1.276,1.014,1.118,1.311
95665,0.757,0.818,1.104,1.113,1.11,1.311
95666,0.764,0.862,1.111,0.821,1.127,1.311
95667,0.734,0.821,0.95,0.997,1.101,1.311
95668,0.925,1.066,1.054,1.063,0.922,1.337
95669,0.793,0.923,1.02,0.907,1.11,1.311
95670,0.984,0.943,0.895,1.065,0.962,1.679
95671,0.827,0.857,0.758,0.813,1.127,1.679
95672,0.802,0.888,1.034,0.872,0.919,1.311
95673,1.101,0.98,1.011,1.149,1.125,1.525
95674,0.855,0.913,1.02,0.964,0.962,1.337
95675,0.669,1.037,1.111,1.122,0.81,1.311
95676,0.693,1.043,1.084,1.065,1.053,1.337
95677,0.929,0.881,0.792,0.894,0.94,1.311
95678,0.833,0.864,0.813,1.051,1.064,1.311
95679,0.802,1.005,1.203,0.95,1.025,1.337
95680,0.782,0.968,0.95,1.051,0.922,1.337
95681,0.827,0.889,0.968,1.014,1.05,1.337
95682,0.799,0.76,0.889,0.864,1.127,1.311
95683,0.855,0.913,0.968,1.009,1.127,1.337
95684,0.793,0.928,1.244,0.959,1.039,1.311
95685,0.768,0.846,1.021,0.886,0.881,1.311
95686,0.749,0.994,0.969,1.02,0.975,1.337
95687,0.968,0.92,0.81,0.781,0.853,1.337
95688,0.858,0.881,0.895,0.674,0.878,1.337
95689,0.757,0.889,1.14,0.886,0.919,1.311
95690,0.782,0.968,0.95,1.051,0.922,1.337
95691,0.887,0.892,0.883,1.019,0.97,1.525
95692,0.815,0.821,1.02,0.821,0.866,1.337
95693,0.905,0.923,0.894,0.813,1.055,1.337
95694,0.82,0.862,0.889,0.803,1.031,1.337
95695,0.764,0.846,0.862,0.777,0.884,1.337
95697,0.701,0.899,1.244,1.2,0.996,1.337
95698,0.701,0.997,1.117,0.931,0.898,1.337
95699,0.734,0.984,1.142,0.913,0.926,1.311
95701,0.716,0.913,1.046,0.946,0.878,1.337
95703,0.733,0.839,1.046,0.942,1.01,1.337
95709,0.785,0.887,1.089,0.821,1.118,1.311
95712,0.799,0.789,1.076,0.765,0.858,1.517
95713,0.882,0.901,1.046,0.722,0.905,1.337
95714,0.661,1.029,1.104,1.028,0.81,1.337
95715,0.734,1.043,1.117,0.95,0.926,1.337
95717,0.734,1.085,1.117,0.968,1.01,1.337
95720,0.734,0.977,1.142,0.913,1.042,1.311
95721,0.716,1.057,1.186,1.014,0.94,1.311
95722,0.766,0.843,1.046,0.748,1.085,1.337
95724,0.702,0.884,1.117,0.935,1.077,1.517
95726,0.836,0.935,1.14,0.864,1.102,1.311
95728,0.701,1.012,1.117,0.868,1.039,1.517
95735,0.785,1.043,1.089,1.014,1.136,1.311
95736,0.882,0.901,1.046,0.722,0.905,1.337
95742,0.978,0.977,0.95,0.971,1.081,1.525
95746,0.827,0.862,0.779,0.779,1.085,1.311
95747,0.919,0.832,0.8,1.014,1.153,1.311
95757,0.968,0.94,0.845,1.41,0.996,1.525
95758,0.999,0.977,0.835,1.142,0.896,1.525
95762,0.815,0.862,0.835,0.765,1.102,1.311
95765,0.934,0.819,0.792,0.913,1.042,1.311
95776,0.791,0.855,0.965,0.862,0.962,1.337
95811,1.16,1.103,1.18,1.185,1.22,1.525
95814,1.177,1.167,1.111,0.917,1.255,1.525
95815,1.198,1.167,1.188,1.723,1.07,1.525
95816,0.951,0.989,1.021,1.151,0.996,1.525
95817,1.132,1.087,1.021,1.481,1.092,1.525
95818,0.847,0.869,0.889,1.023,0.976,1.525
95819,0.994,0.908,0.837,0.702,1.027,1.525
95820,1.249,1.167,1.039,1.481,1.158,1.525
95821,1.008,0.979,0.849,0.902,0.96,1.679
95822,0.994,0.94,0.965,1.344,1.107,1.525
95823,1.177,1.191,1.275,1.573,0.839,1.525
95824,1.113,1.238,1.124,1.989,0.869,1.525
95825,1.198,1.117,0.987,1.049,0.98,1.679
95826,1.108,0.948,0.822,0.99,0.951,1.679
95827,1.057,0.989,0.849,1.435,1.075,1.679
95828,1.226,1.125,1.067,1.573,1.152,1.525
95829,1.131,1.027,0.987,1.271,1.133,1.679
95830,0.897,0.977,1.049,1.234,1.092,1.525
95831,0.791,0.956,0.883,0.87,0.884,1.525
95832,1.209,1.109,1.275,1.826,0.869,1.525
95833,0.951,1.087,1.054,1.065,1.014,1.525
95834,1.027,1.103,1.049,1.065,1.293,1.525
95835,0.867,0.948,0.969,1.124,1.179,1.525
95836,0.825,1.153,1.291,1.487,1.075,1.525
95837,0.726,0.977,1.374,1.032,1.121,1.525
95838,1.083,1.103,1.093,1.893,1.194,1.525
95841,1.303,1.022,0.965,1.252,1.293,1.679
95842,1.108,0.923,0.934,1.271,1.257,1.679
95843,1.019,1.003,0.919,1.104,1.107,1.679
95864,0.847,0.914,0.8,0.838,1.033,1.679
95901,0.973,0.892,1.034,1.344,1.012,1.337
95903,0.815,0.946,1.02,0.808,0.846,1.337
95910,0.67,0.994,1.117,1.019,0.792,1.517
95912,0.701,0.898,1.234,1.102,0.767,1.337
95913,0.7,0.86,1.046,0.808,0.846,1.337
95914,0.829,0.973,1.117,1.081,0.785,1.337
95915,0.715,0.952,1.089,0.996,0.834,1.517
95916,0.749,0.919,1.104,1.142,1.01,1.337
95917,0.977,0.863,1.076,1.19,0.767,1.337
95918,0.836,0.903,1.046,0.931,0.987,1.337
95919,0.701,0.937,1.117,1.023,0.839,1.337
95920,0.734,0.977,1.104,1.014,0.761,1.337
95922,0.638,0.956,1.117,0.838,0.881,1.337
95923,0.669,0.898,1.034,0.95,0.786,1.517
95924,0.799,0.789,1.076,0.765,0.858,1.517
95925,0.757,1.005,1.076,0.939,0.689,1.337
95926,0.726,0.751,0.894,1.063,0.751,1.337
95928,0.649,0.783,1.034,1.122,0.785,1.337
95929,0.649,0.783,1.034,1.122,0.785,1.337
95930,0.682,0.887,1.076,1.083,0.846,1.337
95932,0.766,0.908,1.111,0.838,0.878,1.337
95934,0.639,0.862,1.104,0.805,0.774,1.517
95935,0.726,0.889,1.104,1.223,1.11,1.337
95936,0.742,0.946,1.076,0.872,0.75,1.517
95937,0.734,0.846,0.968,0.968,0.872,1.337
95938,0.671,0.76,0.968,1.011,0.834,1.337
95939,0.661,0.923,1.14,0.899,0.827,1.337
95940,0.668,1.061,1.089,1.019,0.834,1.337
95941,0.733,0.963,1.14,1.063,0.734,1.337
95942,0.825,0.935,1.104,0.959,1.002,1.337
95943,0.716,0.847,1.046,0.868,0.689,1.337
95944,0.682,0.962,1.054,0.942,0.834,1.517
95945,0.799,0.789,1.076,0.765,0.858,1.517
95946,0.827,0.877,1.104,0.732,1.093,1.517
95947,0.682,0.857,1.111,1.03,0.729,1.517
95948,0.905,0.887,0.968,1.023,0.915,1.337
95949,0.768,0.789,1.104,0.946,0.987,1.517
95950,0.701,1.023,1.111,1.063,0.786,1.337
95951,0.758,0.914,1.02,0.939,0.833,1.337
95953,0.938,0.883,1.054,1.264,1.049,1.337
95954,0.764,0.815,0.938,1.179,0.905,1.337
95955,0.715,0.963,1.104,0.942,0.751,1.337
95956,0.562,0.936,1.117,0.864,0.734,1.517
95957,0.734,0.906,0.968,1.032,0.886,1.337
95958,0.671,0.76,0.968,1.011,0.834,1.337
95959,0.733,0.884,1.076,0.849,1.008,1.517
95960,0.749,0.973,1.089,1.083,0.833,1.517
95961,0.929,1.024,1.111,1.234,0.878,1.337
95962,1.05,0.956,1.104,1.092,0.786,1.337
95963,0.782,0.877,1.104,1.212,0.926,1.337
95965,0.766,0.824,1.054,1.386,0.823,1.337
95966,0.782,0.884,1.089,1.087,1.081,1.337
95968,0.977,0.873,1.104,1.307,0.915,1.337
95969,0.828,0.819,0.968,1.214,0.895,1.337
95970,0.755,0.864,1.104,0.837,0.834,1.337
95971,0.661,0.821,1.054,0.935,0.874,1.517
95972,0.726,0.913,1.046,1.083,0.734,1.337
95973,0.79,0.832,1.049,1.102,0.853,1.337
95974,0.734,0.922,1.02,1.087,0.864,1.337
95975,0.693,0.825,1.046,0.977,0.898,1.517
95977,0.82,0.945,1.104,0.959,0.846,1.337
95978,0.764,0.815,0.938,1.179,0.905,1.337
95979,0.668,0.857,1.117,0.864,0.774,1.337
95980,0.668,1.109,1.411,0.996,0.852,1.517
95981,0.693,0.935,1.02,0.942,0.761,1.337
95982,0.827,0.823,1.034,1.051,0.905,1.337
95983,0.7,0.913,1.117,1.011,1.003,1.517
95984,0.715,0.913,1.117,0.899,0.761,1.517
95986,0.785,0.973,1.02,0.996,0.786,1.517
95987,0.793,0.973,1.234,0.996,0.853,1.337
95988,0.7,0.819,1.104,0.805,0.774,1.337
95991,0.919,0.956,0.95,1.078,1.066,1.337
95992,0.929,1.024,1.111,1.234,0.878,1.337
95993,0.929,0.864,0.934,1.183,1.153,1.337
96001,0.606,0.765,0.862,0.975,0.898,1.517
96002,0.79,0.742,0.849,1.105,0.866,1.517
96003,0.733,0.789,0.862,0.864,1.031,1.517
96006,0.734,0.919,1.448,0.803,0.774,1.517
96007,0.785,0.843,0.938,0.838,0.922,1.517
96008,0.617,0.818,1.054,0.942,0.94,1.517
96009,0.755,1.041,1.396,0.907,0.858,1.517
96010,0.682,0.877,1.111,0.803,0.814,1.517
96011,0.668,0.898,1.111,1.014,0.82,1.517
96013,0.661,0.847,1.244,0.722,0.874,1.517
96014,0.639,0.919,1.203,0.849,0.979,1.517
96015,0.638,0.931,1.111,0.926,1.093,1.517
96016,0.668,0.857,1.142,0.849,0.905,1.517
96017,0.638,0.888,1.034,0.849,0.898,1.517
96019,0.802,0.818,0.968,0.862,0.898,1.517
96020,0.7,0.833,1.361,0.988,0.979,1.517
96021,0.734,0.881,1.14,0.899,0.898,1.517
96022,0.639,0.804,1.046,1.036,0.864,1.517
96023,0.792,0.923,0.919,1.105,0.995,1.517
96024,0.701,0.931,1.111,0.813,1.109,1.517
96025,0.569,0.818,1.034,0.887,0.827,1.517
96027,0.569,0.825,1.396,0.763,0.858,1.517
96028,0.682,0.919,1.142,0.821,0.874,1.517
96029,0.742,0.961,1.14,0.98,1.093,1.517
96031,0.668,1.077,1.049,0.946,0.858,1.517
96032,0.661,0.833,1.276,0.849,0.768,1.517
96033,0.701,0.923,1.18,0.997,0.898,1.517
96034,0.7,0.966,1.18,0.849,1.093,1.517
96035,0.778,0.887,1.046,0.95,0.926,1.517
96037,0.661,0.833,1.276,0.849,0.768,1.517
96038,0.682,0.877,0.95,0.803,0.898,1.517
96039,0.722,0.898,1.199,0.988,0.995,1.517
96040,0.7,0.877,1.14,0.849,0.82,1.517
96041,0.569,0.928,1.305,1.066,1.008,1.517
96044,0.639,0.889,0.95,0.796,0.898,1.517
96046,0.661,0.931,1.076,0.907,0.874,1.517
96047,0.597,0.873,1.111,0.779,0.768,1.517
96048,0.778,0.898,1.14,1.03,1.077,1.517
96050,0.729,0.888,1.203,0.98,0.827,1.517
96051,0.682,0.833,1.021,0.919,0.814,1.517
96052,0.67,0.887,1.142,0.886,0.898,1.517
96054,0.682,0.857,1.361,0.975,0.858,1.517
96055,0.757,0.801,1.046,1.083,0.846,1.517
96056,0.661,0.857,1.463,0.907,0.858,1.517
96057,0.7,0.833,1.142,0.907,0.898,1.517
96058,0.661,0.897,1.142,0.781,0.858,1.517
96059,0.638,0.888,1.117,0.926,0.995,1.517
96061,0.682,0.898,1.405,0.886,0.874,1.517
96062,0.768,0.825,1.076,0.926,0.858,1.517
96063,0.722,0.857,1.104,0.96,0.858,1.517
96064,0.562,0.818,0.969,0.786,0.898,1.517
96065,0.569,0.877,1.203,1.051,0.979,1.517
96067,0.638,0.744,0.889,1.013,1.008,1.517
96068,0.742,0.923,1.111,0.864,0.874,1.517
96069,0.768,0.913,1.234,0.868,1.101,1.517
96071,0.682,1.066,1.203,0.886,0.874,1.517
96073,0.7,0.804,0.95,0.94,0.881,1.517
96074,0.742,0.961,1.14,0.98,1.093,1.517
96075,0.661,0.925,1.234,0.886,0.874,1.517
96076,0.668,0.962,1.111,0.868,0.898,1.517
96078,0.749,0.744,1.076,1.009,0.833,1.517
96079,0.802,0.818,0.968,0.862,0.898,1.517
96080,0.749,0.744,1.076,1.009,0.833,1.517
96084,0.682,0.898,1.111,0.95,0.858,1.517
96085,0.7,0.888,1.361,0.95,0.898,1.517
96086,0.661,0.847,1.361,0.796,0.858,1.517
96087,0.749,0.91,1.111,0.781,0.926,1.517
96088,0.597,0.753,1.234,0.803,0.858,1.517
96089,0.802,0.818,0.968,0.862,0.898,1.517
96090,0.639,0.923,1.076,0.821,0.858,1.517
96091,0.639,0.877,1.054,0.803,0.898,1.517
96092,0.79,0.832,1.049,1.102,0.853,1.517
96093,0.589,0.802,1.117,0.907,1.008,1.517
96094,0.638,0.839,0.95,0.956,0.827,1.517
96095,0.701,0.923,1.18,0.997,0.898,1.517
96096,0.661,0.857,1.142,0.907,0.827,1.517
96097,0.639,0.688,0.813,0.887,0.979,1.517
96101,0.7,0.818,1.332,0.956,0.827,1.517
96103,0.638,0.804,1.117,0.748,1.077,1.517
96104,0.668,0.857,1.291,0.821,0.827,1.517
96105,0.682,0.857,1.054,0.779,0.898,1.517
96106,0.661,0.888,1.361,0.946,0.979,1.517
96107,0.639,0.889,1.084,0.887,1.101,0.584
96108,0.668,0.889,1.111,0.849,0.979,1.517
96109,0.755,0.889,1.402,0.849,0.874,1.517
96110,0.668,0.857,1.291,0.821,0.827,1.517
96111,0.661,0.945,1.203,0.996,0.82,1.517
96112,0.682,0.945,1.396,0.781,0.874,1.517
96113,0.716,0.913,1.448,0.94,0.874,1.517
96114,0.701,0.823,1.501,0.907,0.995,1.517
96115,0.638,0.857,1.244,0.956,1.077,1.517
96116,0.668,0.945,1.14,0.821,0.898,1.517
96117,0.661,0.847,1.361,0.821,0.864,1.517
96118,0.716,0.919,1.203,0.813,1.101,1.517
96119,0.668,0.958,1.203,0.926,0.874,1.517
96120,0.693,0.873,0.965,0.96,1.003,1.311
96121,0.7,0.888,1.374,0.786,0.858,1.517
96122,0.734,0.818,1.234,0.946,1.101,1.517
96123,0.661,0.945,1.405,1.102,1.016,1.517
96124,0.639,0.857,1.089,0.849,0.898,1.517
96125,0.7,0.857,1.111,0.849,0.827,1.517
96126,0.668,0.913,1.203,0.94,0.858,1.517
96128,0.639,0.898,1.18,0.868,0.898,1.517
96129,0.668,1.012,1.203,0.886,0.82,1.517
96130,0.669,0.804,1.199,0.732,0.729,1.517
96132,0.67,0.945,1.203,0.849,0.874,1.517
96133,0.722,0.923,1.054,0.886,1.077,0.584
96134,0.638,0.847,0.95,0.765,0.768,1.517
96135,0.682,0.968,1.111,1.011,0.858,1.517
96136,0.661,0.857,1.388,0.748,0.874,1.517
96137,0.716,0.821,1.203,0.732,0.898,1.517
96140,0.7,0.933,1.034,0.838,1.002,1.248
96141,0.733,0.927,1.034,1.011,0.905,1.248
96142,0.669,0.947,1.021,1.058,1.127,1.248
96143,0.915,1.027,1.142,1.122,0.853,1.248
96145,0.736,0.923,1.02,0.831,0.987,1.248
96146,0.799,1.012,1.034,0.803,0.884,1.248
96148,0.802,0.973,1.111,1.083,0.902,1.248
96150,0.764,0.839,1.067,1.193,0.895,1.248
96151,0.764,0.839,1.067,1.193,0.895,1.248
96152,0.764,0.839,1.067,1.193,0.895,1.248
96154,0.764,0.839,1.067,1.193,0.895,1.248
96155,0.734,0.977,1.142,0.913,1.042,1.248
96156,0.693,0.873,0.965,0.96,1.003,1.248
96157,0.764,0.839,1.067,1.193,0.895,1.248
96158,0.764,0.839,1.067,1.193,0.895,1.248
96160,0.702,0.884,1.117,0.935,1.077,1.248
96161,0.702,0.884,1.117,0.935,1.077,1.248
96162,0.702,0.884,1.117,0.935,1.077,1.248